Genomic Coordinate,Nuclease_Read_Count.spCas9_78_ALTC_R2_06,Control_Read_Count.spCas9_78_ALTC_R2_06,Site_Sequence,Nuclease_Read_Count.spCas9_78_ALTC_R1_06.2,Control_Read_Count.spCas9_78_ALTC_R1_06.2,Aligned_Site_Sequence,Site_Substitution_Number,DNA_Bulge,RNA_Bulge,Target_Sequence,Aligned_Target_Sequence,Gene_Name,Feature,Cell,MappingPositionStart,MappingPositionEnd,WindowSequence,Number of Replicates Sites found,Percent Total Reads
chr3:81731576+,616.0,0.0,TTGTAATAATACCTAATGTTGGA,3590.0,0.0,TTGTAATAATACCTAATGT-TGG,2.0,1.0,0.0,TAGTAATAGTACCTAATGTGNGG,TAGTAATAGTACCTAATGTGNGG,GBE1,intron,NA12878,81731591.0,81731595.0,aaatctcatgtcaaattgtaataatacctaatgttggaggaggggcctggtggaaggcgactgg,2,25.413999999999998
chr4:53055073+,200.0,0.0,CAGTAATAACACCTAATTGTGG,500.0,0.0,CAGTAATAACACCTAAT-TGTGG,3.0,1.0,0.0,TAGTAATAGTACCTAATGTGNGG,TAGTAATAGTACCTAATGTGNGG,SCFD2,intron,NA12878,53055088.0,53055090.0,TATTCACCACAATATCAGTAATAACACCTAattgtggtacctaacatttactgggtgcttcc,2,4.2299999999999995
chrX:54602603-,125.0,0.0,ATGTAATATAACCTAATGGTGGG,57.0,0.0,ATGTAATATAACCTAATGGTGGG,6.0,0.0,0.0,TAGTAATAGTACCTAATGTGNGG,TAGTAATAGTACCTAATGTGNGG,GNL3L,intergenic | 35325bp from GNL3L,NA12878,54602609.0,54602611.0,tgacaacagtgatgggatgtcactcccaccattaggttatattacatAAAACTCTTGTCTTG,2,1.0999999999999999
chr1:67440185+,110.0,0.0,AAATAATAATACCTATGTGAGG,100.0,0.0,AAATAATAATACCTA-TGTGAGG,3.0,1.0,0.0,TAGTAATAGTACCTAATGTGNGG,TAGTAATAGTACCTAATGTGNGG,SERBP1,intergenic | 9794bp from SERBP1,NA12878,67440199.0,67440202.0,tggattaactcatttaaaataataatacctatgtgaggttagtgtcatcattaatccatgtta,2,1.269
chr7:152135028-,95.0,0.0,GTATAATAGTATCTAATGTTGGC,180.0,0.0,TA-TAATAGTATCTAATGTTGGC,3.0,1.0,0.0,TAGTAATAGTACCTAATGTGNGG,TAGTAATAGTACCTAATGTGNGG,KMT2C,3utr,NA12878,152135034.0,152135036.0,TATACTTCAAAAAATTCAATTTTTGCCAACATTAGATACTATTATACAGAACAGAAAACAAC,2,1.662
chr12:68432493-,74.0,0.0,AGGTAATAATAACTAATGTGGAG,67.0,0.0,AGGTAATAATAACTAATGTGGAG,5.0,0.0,0.0,TAGTAATAGTACCTAATGTGNGG,TAGTAATAGTACCTAATGTGNGG,LINC02384,non-coding RNA,NA12878,68432497.0,68432500.0,aaattattcctcatgctcacaacagcctccacattagttattattacctctctttctgtagtt,2,0.852
chr17:6584524-,70.0,0.0,CAGATACAGTACCTAATGTGTTG,167.0,0.0,CAGATACAGTACCTAATGTGTTG,5.0,0.0,0.0,TAGTAATAGTACCTAATGTGNGG,TAGTAATAGTACCTAATGTGNGG,KIAA0753,intron,NA12878,6584528.0,6584531.0,aatacaagggtacttctgctacattccaacacattaggtactgtatctgtttttcttcttctt,2,1.432
chrX:103280243+,70.0,0.0,TAATCATAGTACCTAATATGTAG,50.0,0.0,TAATCATAGTACCTAATATGTAG,4.0,0.0,0.0,TAGTAATAGTACCTAATGTGNGG,TAGTAATAGTACCTAATGTGNGG,TCEAL5,intergenic | 3504bp from TCEAL5,NA12878,103280258.0,103280261.0,tcatcagccaaataataatcatagtacctaatatgtagttttttaatcctcatcctcctccca,2,0.7250000000000001
chr13:41646435-,65.0,0.0,TAGAAATAATACCTAATATGGAG,143.0,0.0,TAGAAATAATACCTAATATGGAG,4.0,0.0,0.0,TAGTAATAGTACCTAATGTGNGG,TAGTAATAGTACCTAATGTGNGG,VWA8,intron,NA12878,41646440.0,41646443.0,tatactacttctgatattcataattctccatattaggtattatttctactttgcaggacagga,2,1.257
chr15:62203554+,64.0,0.0,TGAGCATAGTACCTAATATGTAG,190.0,0.0,TGAGCATAGTACCTAATATGTAG,6.0,0.0,0.0,TAGTAATAGTACCTAATGTGNGG,TAGTAATAGTACCTAATGTGNGG,LOC107984784,intergenic | 247bp from LOC107984784,NA12878,62203570.0,62203572.0,tatcacccaattagtgagcatagtacctaatatgtagggttgtttttgtttttgttttgaga,2,1.5350000000000001
chr5:143056832+,56.0,0.0,ATTTAGTAGTACCTAATGTTCTG,190.0,0.0,ATTTAGTAGTACCTAATGTTCTG,6.0,0.0,0.0,TAGTAATAGTACCTAATGTGNGG,TAGTAATAGTACCTAATGTGNGG,ARHGAP26,intron,NA12878,143056848.0,143056850.0,CTACTACTGGCCTAATTTAGTAGTACCTAATGTTCTGGTGTCCTTATCTACTCATAGTTGTC,2,1.486
chr4:85413696+,54.0,0.0,TAATAATAGAACCTAATTTGTGG,193.0,0.0,TAATAATAGAACCTAATTTGTGG,3.0,0.0,0.0,TAGTAATAGTACCTAATGTGNGG,TAGTAATAGTACCTAATGTGNGG,ARHGAP24,intergenic | 61442bp from ARHGAP24,NA12878,85413711.0,85413714.0,tctgcaatgcatggctaataatagaacctaatttgtggaatttctgtgagggcgaaataaggt,2,1.492
chr8:95745690+,52.0,0.0,ATATAATAGTACCTAAAGTGAGG,100.0,0.0,TA-TAATAGTACCTAAAGTGAGG,1.0,1.0,0.0,TAGTAATAGTACCTAATGTGNGG,TAGTAATAGTACCTAATGTGNGG,CFAP418-AS1,non-coding RNA,NA12878,95745706.0,95745708.0,aaatgatcgtaaagatataatagtacctaaagtgaggcctggctgttcacacctgtaatccc,2,0.918
chr5:82401125+,47.0,0.0,TTAACATAGTACCTAATATGTAG,30.0,0.0,TTAACATAGTACCTAATATGTAG,6.0,0.0,0.0,TAGTAATAGTACCTAATGTGNGG,TAGTAATAGTACCTAATGTGNGG,ATP6AP1L,intergenic | 82330bp from ATP6AP1L,NA12878,82401141.0,82401143.0,tagatgtaaggtgcttaacatagtacctaatatgtagaaggcactcattaaaagctagATCT,2,0.46499999999999997
chr9:22782443+,46.0,0.0,ATATTATAGTACCTAATGGGGAG,17.0,0.0,TATTA-TAGTACCTAATGGGGAG,3.0,1.0,0.0,TAGTAATAGTACCTAATGTGNGG,TAGTAATAGTACCTAATGTGNGG,LINC01239,non-coding RNA,NA12878,22782456.0,22782460.0,attttaaagaattataaatattatagtacctaatggggagaaagaagaagattttgaacacaag,2,0.381
chr20:5422399-,46.0,0.0,TGTACATTGTACCTAATGTGTAG,120.0,0.0,TGTACATTGTACCTAATGTGTAG,6.0,0.0,0.0,TAGTAATAGTACCTAATGTGNGG,TAGTAATAGTACCTAATGTGNGG,LINC00658,intergenic | 9546bp from LINC00658,NA12878,5422404.0,5422406.0,agggactagggattaaaaaaacaacctacacattaggtacaatgtacactatttgggtgatg,2,1.0030000000000001
chr3:14006644+,43.0,0.0,TGAGCATAGTACCTAATGTGTAG,97.0,0.0,GAGCA-TAGTACCTAATGTGTAG,3.0,1.0,0.0,TAGTAATAGTACCTAATGTGNGG,TAGTAATAGTACCTAATGTGNGG,TPRXL,non-coding RNA,NA12878,14006659.0,14006662.0,attgcacccaggtagtgagcatagtacctaatgtgtagtttaccaagtcatgcctctctccct,2,0.8460000000000001
chr4:11939045-,43.0,0.0,TATTAATATTACCTAAAGTGTGG,153.0,0.0,TATTAATATTACCTAAAGTGTGG,3.0,0.0,0.0,TAGTAATAGTACCTAATGTGNGG,TAGTAATAGTACCTAATGTGNGG,LOC107986178,intergenic | 149190bp from LOC107986178,NA12878,11939050.0,11939052.0,tgcctcagtatgaatagcatctcatccacactttaggtaatattaatagagattttggactt,2,1.184
chr16:51817303+,42.0,0.0,TAAGCATAGTACCTAATGGGTGG,77.0,0.0,TAAGCATAGTACCTAATGGGTGG,4.0,0.0,0.0,TAGTAATAGTACCTAATGTGNGG,TAGTAATAGTACCTAATGTGNGG,LINC01571,intergenic | 44668bp from LINC01571,NA12878,51817318.0,51817321.0,tcactacccaggtaataagcatagtacctaatgggtggttttttgatccttgccatcctcctt,2,0.719
chr12:51986165-,42.0,0.0,CAGTAACAGTACCTAATATTTGG,353.0,0.0,CAGTAACAGTACCTAATATTTGG,4.0,0.0,0.0,TAGTAATAGTACCTAATGTGNGG,TAGTAATAGTACCTAATGTGNGG,ACVR1B,intron,NA12878,51986170.0,51986172.0,ATAAAGTGAAGGACCCTGGTGTCAACCAAATATTAGGTACTGTTACTGCCCCTGTGACCCAC,2,2.387
chr10:114395180+,40.0,0.0,TAACTGTAGTACCTAATGTTGGT,33.0,0.0,TAACTGTAGTACCTAATGTTGGT,6.0,0.0,0.0,TAGTAATAGTACCTAATGTGNGG,TAGTAATAGTACCTAATGTGNGG,AFAP1L2,intron,NA12878,114395195.0,114395197.0,ACAGAGGGCTTCTGTTAACTGTAGTACCTAATGTTGGTGTTCATCTTTATTCAAAGAATGTG,2,0.441
chr13:22390986-,40.0,0.0,TCTGAATAGTACCTGATGTAAGG,63.0,0.0,TCTGAATAGTACCTGATGTAAGG,5.0,0.0,0.0,TAGTAATAGTACCTAATGTGNGG,TAGTAATAGTACCTAATGTGNGG,LINC00540,intergenic | 114476bp from LINC00540,NA12878,22390991.0,22390994.0,GGTTTTTTTAATTGGATACTCCTTGCCTTACATCAGGTACTATTCAGAATAAACATAACAAAA,2,0.622
chr12:46217076+,40.0,0.0,CATTAATAGTACCAAATGTTGGG,93.0,0.0,CATTAATAGTACCAAATGTTGGG,4.0,0.0,0.0,TAGTAATAGTACCTAATGTGNGG,TAGTAATAGTACCTAATGTGNGG,SLC38A1,intron,NA12878,46217092.0,46217095.0,AACACTTTACTGATCATTaatagtaccaaatgttggggtattcattatatatcaggccctttc,2,0.804
chr1:80739419-,37.0,0.0,TAGTATAGTACCTAAAGTTAGG,127.0,0.0,TAGTA-TAGTACCTAAAGTTAGG,2.0,1.0,0.0,TAGTAATAGTACCTAATGTGNGG,TAGTAATAGTACCTAATGTGNGG,LINC01781,intergenic | 92642bp from LINC01781,NA12878,80739424.0,80739426.0,gaacaaaactgaaggaataacattacctaactttaggtactatactatacctatagagctat,2,0.991
chr9:37643305-,36.0,0.0,AAATAATAGTACCAAATGGAGGA,13.0,0.0,AAATAATAGTACCAAATG-GAGG,3.0,1.0,0.0,TAGTAATAGTACCTAATGTGNGG,TAGTAATAGTACCTAATGTGNGG,FRMPD1,intron,NA12878,37643311.0,37643313.0,tgctttgctcctttgttatttttttcctccatttggtactattatttgcatatcttctagat,2,0.296
chr7:12331685-,35.0,0.0,TAATAGTAGCACCTAATGTTAGG,120.0,0.0,TAATAGTAGCACCTAATGTTAGG,4.0,0.0,0.0,TAGTAATAGTACCTAATGTGNGG,TAGTAATAGTACCTAATGTGNGG,VWDE,intron,NA12878,12331690.0,12331693.0,taacatatttaatccttacaataagcctaacattaggtgctactattaatgccatattgcaga,2,0.9369999999999999
chr12:29219204-,34.0,0.0,TAATAATAGTACCTATCTGGGGT,97.0,0.0,TAATAATAGTACCTA-TCTGGGG,2.0,1.0,0.0,TAGTAATAGTACCTAATGTGNGG,TAGTAATAGTACCTAATGTGNGG,FAR2,intron,NA12878,29219210.0,29219213.0,gcccagcccacgttagaattctataccccagataggtactattattACCTACCTCACAGGATT,2,0.792
chr2:24715353+,34.0,0.0,CAGTAATAGTACCAAAAATGGGG,47.0,0.0,CAGTAATAGTACCAAAAATGGGG,4.0,0.0,0.0,TAGTAATAGTACCTAATGTGNGG,TAGTAATAGTACCTAATGTGNGG,NCOA1,intron,NA12878,24715369.0,24715371.0,agaaaaatgtatgacagtaatagtaccaaaaatggggtagaataaatgagacaatactcttt,2,0.48900000000000005
chr2:86560586+,32.0,0.0,TAGCAAAAATACCTAATGTAGGT,20.0,0.0,TAGCAAAAATACCTAATGT-AGG,3.0,1.0,0.0,TAGTAATAGTACCTAATGTGNGG,TAGTAATAGTACCTAATGTGNGG,RNF103-CHMP3,intron,NA12878,86560601.0,86560603.0,ggggagggataacattagcaaaaatacctaatgtaggtgaccagttgatgggtgcagcaaac,2,0.314
chr12:108497265-,32.0,0.0,TAGTAATGATACCTAATATGTGG,67.0,0.0,TAGTAATGATACCTAATATGTGG,3.0,0.0,0.0,TAGTAATAGTACCTAATGTGNGG,TAGTAATAGTACCTAATGTGNGG,FICD,intergenic | 18000bp from FICD,NA12878,108497270.0,108497273.0,GTGCTTCTAGCTACTTCCCCAGGAGCCACATATTAGGTATCATTACTAAGAGGCTCTCTCTGC,2,0.598
chr4:28947414-,32.0,0.0,AAGAATAAGTACCTAATGTTGAG,13.0,0.0,AAGAATAAGTACCTAATGTTGAG,6.0,0.0,0.0,TAGTAATAGTACCTAATGTGNGG,TAGTAATAGTACCTAATGTGNGG,LINC02364,intergenic | 49358bp from LINC02364,NA12878,28947419.0,28947422.0,gtctttctttcatgaaccattatggctcaacattaggtacttattcttaccagcaagcaggat,2,0.272
chr2:36412927-,28.0,0.0,AGATAATAGTAACTAATGTGAGA,40.0,0.0,CAGATAATAGTAACTAATGTGAGA,3.0,0.0,1.0,TAGTAATAGTACCTAATGTGNGG,TAG-TAATAGTACCTAATGTGNGG,CRIM1,intron,NA12878,36412932.0,36412935.0,TAAGAAGAGAAGTAAAATGAGTATATCTCACATTAGTTACTATTATCTGCAGCATCAAAAATA,2,0.411
chr3:27578545+,28.0,0.0,TAATAATAGTACCTAATAGGATT,130.0,0.0,TAATAATAGTACCTAATAGGATT,5.0,0.0,0.0,TAGTAATAGTACCTAATGTGNGG,TAGTAATAGTACCTAATGTGNGG,SLC4A7,intergenic | 94172bp from SLC4A7,NA12878,27578558.0,27578560.0,cagttaaatgggaataataataatagtacctaataggattaatgcgacgattaatgaacaat,2,0.955
chr5:158032971-,26.0,0.0,ATGGAATAGTATCTAATGTTGGG,0.0,0.0,TGG-AATAGTATCTAATGTTGGG,3.0,1.0,0.0,TAGTAATAGTACCTAATGTGNGG,TAGTAATAGTACCTAATGTGNGG,CLINT1,intergenic | 173837bp from CLINT1,NA12878,158032976.0,158032979.0,gtcacccttcattcctcccgttttccccaacATTAGATACTATTCCATTTAAATTTGTAGACC,1,0.157
chr2:170799159-,26.0,0.0,TAATAATAGTACTTAATGGGGTT,0.0,0.0,TAATAATAGTACTTAATG-GGGT,3.0,1.0,0.0,TAGTAATAGTACCTAATGTGNGG,TAGTAATAGTACCTAATGTGNGG,ERICH2,intergenic | 193bp from ERICH2,NA12878,170799166.0,170799169.0,ctacacacattgtataattcaacaaccccattaagtactattattatgccattctacagatga,1,0.157
chr8:81783809+,25.0,0.0,TAGTCATAGCACCTAATGAGGTA,37.0,0.0,TAGTCATAGCACCTAATGAGGTA,5.0,0.0,0.0,TAGTAATAGTACCTAATGTGNGG,TAGTAATAGTACCTAATGTGNGG,SNX16,intergenic | 15762bp from SNX16,NA12878,81783823.0,81783825.0,CTCAGGGTCTGTGGTGTAGTCATAGCACCTAATGAGGTAGCATTTGTTTAGTGAGATCAGGG,2,0.375
chr4:45501389-,24.0,0.0,ATGTAATAGCACCTAGTGTGTGG,120.0,0.0,TATGTAATAGCACCTAGTGTGTGG,2.0,0.0,1.0,TAGTAATAGTACCTAATGTGNGG,TA-GTAATAGTACCTAATGTGNGG,GABRG1,intergenic | 534368bp from GABRG1,NA12878,45501394.0,45501397.0,catccatcaatttcttagtgtgtccccacacactaggtgctattacatatattcttttcactc,2,0.8699999999999999
chr3:141959447+,24.0,0.0,ATGTAATAGTATATAATGTGTGG,27.0,0.0,T-GTAATAGTATATAATGTGTGG,2.0,1.0,0.0,TAGTAATAGTACCTAATGTGNGG,TAGTAATAGTACCTAATGTGNGG,TFDP2,intron,NA12878,141959462.0,141959464.0,AGTGAGCCAATTTAGATGTAATAGTATATAATGTGTGGTGTATAGATGTAAGTTCATAATGT,2,0.308
chr13:55785821+,22.0,0.0,TGTACATTGTACCTAATGTGTAG,0.0,0.0,TGTACATTGTACCTAATGTGTAG,6.0,0.0,0.0,TAGTAATAGTACCTAATGTGNGG,TAGTAATAGTACCTAATGTGNGG,LINC02335,intergenic | 603096bp from LINC02335,NA12878,55785837.0,55785839.0,catcaccaaagtagtgtacattgtacctaatgtgtagttttgtatcccttgatcctcttcca,1,0.133
chr3:33972837-,22.0,0.0,AAGAAATAATACCTAATGCTTGG,20.0,0.0,AAGAAATAATACCTAATGCTTGG,5.0,0.0,0.0,TAGTAATAGTACCTAATGTGNGG,TAGTAATAGTACCTAATGTGNGG,PDCD6IP,intergenic | 103145bp from PDCD6IP,NA12878,33972842.0,33972844.0,atctcttgctgcataacaagttatcccaagcattaggtattatttcttggattctgtgggtc,2,0.254
chr10:91207564+,20.0,0.0,TTATAATAGTATCTAATGTGCAG,0.0,0.0,TA-TAATAGTATCTAATGTGCAG,2.0,1.0,0.0,TAGTAATAGTACCTAATGTGNGG,TAGTAATAGTACCTAATGTGNGG,PCGF5,intron,NA12878,91207579.0,91207582.0,ggaaatatggcattgttataatagtatctaatgtgcagacctgtcccaatgatatcctttata,1,0.121
chr8:33003946-,20.0,0.0,TAGTGATAGTACCGAATGTTGGC,0.0,0.0,TAGTGATAGTACCGAATGT-TGG,2.0,1.0,0.0,TAGTAATAGTACCTAATGTGNGG,TAGTAATAGTACCTAATGTGNGG,LOC105379362,non-coding RNA,NA12878,33003952.0,33003954.0,gggatcctctttctctgcatccttgccaacattcggtactatcactatttttcattttagct,1,0.121
chr14:56584381+,20.0,0.0,TAGAAATAGTCACTAATGGTGAG,0.0,0.0,TAGAAATAGTCACTAATGGTGAGG,3.0,0.0,1.0,TAGTAATAGTACCTAATGTGNGG,TAGTAATAGTACCTAATG-TGNGG,TMEM260,intron,NA12878,56584398.0,56584400.0,TGCATCATAATTTTAGAAATAGTCACTAATGGTGAGGAACTATAAAGGACTATGTAAAGAAT,1,0.121
chrX:57768610+,19.0,0.0,TGTACATTGTACCTAATGTGTAG,0.0,0.0,TGTACATTGTACCTAATGTGTAG,6.0,0.0,0.0,TAGTAATAGTACCTAATGTGNGG,TAGTAATAGTACCTAATGTGNGG,NLRP2B,intergenic | 88361bp from NLRP2B,NA12878,57768626.0,57768628.0,catcaccggagtagtgtacattgtacctaatgtgtagttttatatcctggctctcctcctac,1,0.11499999999999999
chr14:77014743+,19.0,0.0,CAATAATAGGACCTACTGTGGGG,63.0,0.0,CAATAATAGGACCTACTGTGGGG,4.0,0.0,0.0,TAGTAATAGTACCTAATGTGNGG,TAGTAATAGTACCTAATGTGNGG,IRF2BPL,intergenic | 9788bp from IRF2BPL,NA12878,77014759.0,77014761.0,ctatgaaatgggaccaataataggacctacTGTGGGGATTTTCCTTTCAAAGGAGAATCATG,2,0.49500000000000005
chr3:57798011+,19.0,0.0,TAATAATAATACCTCATATGGGG,93.0,0.0,TAATAATAATACCTCATATGGGG,4.0,0.0,0.0,TAGTAATAGTACCTAATGTGNGG,TAGTAATAGTACCTAATGTGNGG,SLMAP,intron,NA12878,57798026.0,57798029.0,tttgtaaagtgcagataataataatacctcatatggggctgtgaaaattaaatgagttaatat,2,0.677
chr5:75864361+,19.0,0.0,AATTAATAGTACCTAATAGGTAC,103.0,0.0,AATTAATAGTACCTAATAGGTAC,6.0,0.0,0.0,TAGTAATAGTACCTAATGTGNGG,TAGTAATAGTACCTAATGTGNGG,LOC441087,intergenic | 133402bp from LOC441087,NA12878,75864374.0,75864376.0,catccatccatTCATTTAATTAATAGTACCTAATAGGTACCaggcccctatctcctgcagtg,2,0.737
chr7:78367991-,19.0,0.0,TAGCATAGTATCTAATGTATGG,17.0,0.0,TAGCA-TAGTATCTAATGTATGG,3.0,1.0,0.0,TAGTAATAGTACCTAATGTGNGG,TAGTAATAGTACCTAATGTGNGG,MAGI2,intron,NA12878,78367996.0,78367999.0,GTATTTGTTCAGTGTCCATGTGACACCATACATTAGATACTATGCTAGCAGATTGCATGTGGA,2,0.218
chr13:32413599+,18.0,0.0,TTGTAATATTAACTAATATGGGG,0.0,0.0,TTGTAATATTAACTAATATGGGG,4.0,0.0,0.0,TAGTAATAGTACCTAATGTGNGG,TAGTAATAGTACCTAATGTGNGG,N4BP2L1,intron,NA12878,32413614.0,32413617.0,ggtatcttgcttcctttgtaatattaactaatatgggggacaaaactgtgagcccatgtaccg,1,0.109
chr12:15781561-,18.0,0.0,TAATAATAGTACCTTTTGTGTGG,130.0,0.0,TAATAATAGTACCTTTTGTGTGG,3.0,0.0,0.0,TAGTAATAGTACCTAATGTGNGG,TAGTAATAGTACCTAATGTGNGG,EPS8,intron,NA12878,15781566.0,15781569.0,aagaagataatgtatgtaacacctgccacaCAAAAGGTACTATTATTATGTGAGCTGCTCCAC,2,0.894
chr17:41751844-,18.0,0.0,TTCTCCATGTACCTAATGTGAGG,0.0,0.0,TTCTCCATGTACCTAATGTGAGG,6.0,0.0,0.0,TAGTAATAGTACCTAATGTGNGG,TAGTAATAGTACCTAATGTGNGG,JUP,intergenic | 2753bp from JUP,NA12878,41751849.0,41751851.0,GAATCCCtgtgctttctcatttcatcctcacattaggtacatggagaagggatcatcctcat,1,0.109
chr5:91674549-,17.0,0.0,AATTCATAGTACCTAATGTGTAG,23.0,0.0,AATTCATAGTACCTAATGTGTAG,4.0,0.0,0.0,TAGTAATAGTACCTAATGTGNGG,TAGTAATAGTACCTAATGTGNGG,ARRDC3-AS1,intergenic | 253845bp from ARRDC3-AS1,NA12878,91674554.0,91674557.0,AAACATTTATTGAATGAATTAACTACTACACATTAGGTACTATGAATTAGCTCCTTTAAATTC,2,0.242
chr7:138256319-,17.0,0.0,ACATAATAGACCTAATGTGAGG,27.0,0.0,ACATAATAG-ACCTAATGTGAGG,3.0,1.0,0.0,TAGTAATAGTACCTAATGTGNGG,TAGTAATAGTACCTAATGTGNGG,MIR4468,intergenic | 132509bp from MIR4468,NA12878,138256324.0,138256327.0,AGCAGCATAAAAGCCAAAGATGGGGCCTCACATTAGGTCTATTATGTTTTCAAGGAGACACAC,2,0.266
chr1:55738888+,17.0,0.0,GAGAAATAGTACCTAATAGGTAG,20.0,0.0,GAGAAATAGTACCTAATAGGTAG,5.0,0.0,0.0,TAGTAATAGTACCTAATGTGNGG,TAGTAATAGTACCTAATGTGNGG,LINC01753,intergenic | 176709bp from LINC01753,NA12878,55738901.0,55738903.0,gaacctgtcaccaaatagagaaatagtacctaataggtagtttttcatgatctcttcctccc,2,0.22399999999999998
chr17:35310210+,17.0,0.0,TAGTAGAAGTACCTAATGTAGGT,153.0,0.0,TAGTAGAAGTACCTAATGT-AGG,2.0,1.0,0.0,TAGTAATAGTACCTAATGTGNGG,TAGTAATAGTACCTAATGTGNGG,SLFN5,intergenic | 36566bp from SLFN5,NA12878,35310225.0,35310227.0,ggggagggatagcattagtagaagtacctaatgtaggtgatgggttgatgggtgcagcaaac,2,1.027
chr7:14463272+,17.0,0.0,TGGGCATAATACCTAATGTAGGT,10.0,0.0,TGGGCATAATACCTAATGTAGGT,6.0,0.0,0.0,TAGTAATAGTACCTAATGTGNGG,TAGTAATAGTACCTAATGTGNGG,DGKB,intron,NA12878,14463287.0,14463289.0,gggaagggatagcactgggcataatacctaatgtaggtgacggatcgatgggtgcagcaaac,2,0.163
chr21:35059403+,17.0,0.0,TGAGCATAGTACCTAATATGCAG,20.0,0.0,TGAGCATAGTACCTAATATGCAG,6.0,0.0,0.0,TAGTAATAGTACCTAATGTGNGG,TAGTAATAGTACCTAATGTGNGG,RUNX1,intergenic | 10112bp from RUNX1,NA12878,35059419.0,35059421.0,ttgtacccaggtagtgagcatagtacctaatatgcagttttttaatccacagcccacctcct,2,0.22399999999999998
chrX:72309889+,17.0,0.0,TAACAATGGTACCTAATCTGTGG,0.0,0.0,TAACAATGGTACCTAATCTGTGG,4.0,0.0,0.0,TAGTAATAGTACCTAATGTGNGG,TAGTAATAGTACCTAATGTGNGG,CITED1,intergenic | 2743bp from CITED1,NA12878,72309905.0,72309907.0,ctgttaaatggggataacaatggtacctaatctgtgggggttgCTTAGCCTGATTGGTGCCC,1,0.10300000000000001
chr3:89991903+,17.0,0.0,AAATTATAATACCTAATGTTGGA,0.0,0.0,AAATTATAATACCTAATGTTGGA,6.0,0.0,0.0,TAGTAATAGTACCTAATGTGNGG,TAGTAATAGTACCTAATGTGNGG,EPHA3,intergenic | 509780bp from EPHA3,NA12878,89991918.0,89991920.0,cccaaatcacatgtcaaattataatacctaatgttggaggtggggccttgtgggaggtgact,1,0.10300000000000001
chr2:229323351-,17.0,0.0,TGAACATAGTACCTAATATGTAG,23.0,0.0,TGAACATAGTACCTAATATGTAG,6.0,0.0,0.0,TAGTAATAGTACCTAATGTGNGG,TAGTAATAGTACCTAATGTGNGG,DNER,intergenic | 34266bp from DNER,NA12878,229323356.0,229323358.0,atgggtgggagtaaaggtggaaaaactacatattaggtactatgttcactatctgggtgacg,2,0.242
chr18:24400587+,16.0,0.0,AGATTGTAGTACCTAATGTCTGG,10.0,0.0,TAGATTGTAGTACCTAATGTCTGG,3.0,0.0,1.0,TAGTAATAGTACCTAATGTGNGG,TAG-TAATAGTACCTAATGTGNGG,OSBPL1A,intergenic | 2774bp from OSBPL1A,NA12878,24400603.0,24400605.0,ATGTGATCCTCTTTAGATTGTAGTACCTAATGTCTGGTCCTTGCAGTTTTGTCTCAAGCCTG,2,0.157
chr4:61579134+,16.0,0.0,CTGAGATAATACCTAATGTGAAG,17.0,0.0,CTGAGATAATACCTAATGTGAAG,6.0,0.0,0.0,TAGTAATAGTACCTAATGTGNGG,TAGTAATAGTACCTAATGTGNGG,ADGRL3,intron,NA12878,61579150.0,61579152.0,GACCACTCCTAGACCTGAGATAATACCTAATGTGAAGGGAGACTTCAGATGACACCCATGTC,2,0.199
chr16:47695393-,16.0,0.0,TACAGATAGTACCTAATTTGGGG,23.0,0.0,TACAGATAGTACCTAATTTGGGG,4.0,0.0,0.0,TAGTAATAGTACCTAATGTGNGG,TAGTAATAGTACCTAATGTGNGG,PHKB,intron,NA12878,47695398.0,47695401.0,GTGTTTAGCAATGGGGCTTTATTTTCCCCAAATTAGGTACTATCTGTAAACATTAATAATATG,2,0.23600000000000002
chr1:73940823+,16.0,0.0,CATTAATAGTATCTAATCTGGGG,87.0,0.0,CATTAATAGTATCTAATCTGGGG,4.0,0.0,0.0,TAGTAATAGTACCTAATGTGNGG,TAGTAATAGTACCTAATGTGNGG,LRRIQ3,intergenic | 85180bp from LRRIQ3,NA12878,73940838.0,73940841.0,aaatataatgggggacattaatagtatctaatctggggaataaaaagatcaggctatgtttga,2,0.622
chr12:116913909-,16.0,0.0,ACCTAGTAGTACCTAATGTGGTG,0.0,0.0,ACCTAGTAGTACCTAATGTGGTG,5.0,0.0,0.0,TAGTAATAGTACCTAATGTGNGG,TAGTAATAGTACCTAATGTGNGG,FBXW8,intron,NA12878,116913914.0,116913918.0,TGGTCTCCTCTGCCCCCTTCAGAATCACCACATTAGGTACTACTAGGTTCTCTATGAGTAGCAT,1,0.097
chr11:54599075-,16.0,0.0,AAATAATAGTACCTATGTGAGG,187.0,0.0,AAATAATAGTACCTA-TGTGAGG,2.0,1.0,0.0,TAGTAATAGTACCTAATGTGNGG,TAGTAATAGTACCTAATGTGNGG,OR4C46,intergenic | 3982bp from OR4C46,NA12878,54599081.0,54599083.0,tcaagctagttgtcatagctctcacctcacataggtactattatttttgtaagatttaagat,2,1.2269999999999999
chr10:24897718+,16.0,0.0,TAGTGATAATATCTAATATGTGG,27.0,0.0,TAGTGATAATATCTAATATGTGG,4.0,0.0,0.0,TAGTAATAGTACCTAATGTGNGG,TAGTAATAGTACCTAATGTGNGG,PRTFDC1,intron,NA12878,24897734.0,24897736.0,atgttaaagaaatatagtgataatatctaatatgtggcaacaacgtgaaaaaatagacgctt,2,0.26
chr10:36527383+,14.0,0.0,GAGTAAGAGACCTAATGTGTGG,20.0,0.0,GAGTAAGAG-ACCTAATGTGTGG,2.0,1.0,0.0,TAGTAATAGTACCTAATGTGNGG,TAGTAATAGTACCTAATGTGNGG,ANKRD30A,intergenic | 598203bp from ANKRD30A,NA12878,36527398.0,36527400.0,TGGTTAACTCAAGGAGAGTAAGAGACCTAATGTGTGGGTTCACAATAATCTAGAAAAAGTGC,2,0.20500000000000002
chr1:107116280-,14.0,0.0,CTATAATAACACCTAATGTAAGG,13.0,0.0,TA-TAATAACACCTAATGTAAGG,3.0,1.0,0.0,TAGTAATAGTACCTAATGTGNGG,TAGTAATAGTACCTAATGTGNGG,NTNG1,intergenic | 23796bp from NTNG1,NA12878,107116286.0,107116288.0,gtagcaaatttttctcacaatattccttacattaggtgttattatagacactttagaaatga,2,0.163
chr11:112701226+,14.0,0.0,TGAGCATAGTACCTAATAGGTGG,0.0,0.0,TGAGCATAGTACCTAATAGGTGG,6.0,0.0,0.0,TAGTAATAGTACCTAATGTGNGG,TAGTAATAGTACCTAATGTGNGG,LINC02764,intergenic | 145435bp from LINC02764,NA12878,112701242.0,112701244.0,ttgcacccaagtagtgagcatagtacctaataggtggttttccagctcactccccactccct,1,0.08499999999999999
chr2:144051112-,14.0,0.0,GAGCAATAACACCTAATGTTGGT,20.0,0.0,GAGCAATAACACCTAATGTTGGT,6.0,0.0,0.0,TAGTAATAGTACCTAATGTGNGG,TAGTAATAGTACCTAATGTGNGG,GTDC1,intron,NA12878,144051118.0,144051120.0,ACCCATTTATTTCCTCATGACCTTACCAACATTAGGTGTTATTGCTCTTATTATTTTATTGA,2,0.20500000000000002
chr11:7988334+,14.0,0.0,TAATATTAGTACCTAATGTGAGA,70.0,1.0,TAATATTAGTACCTAATGTGAGA,3.0,0.0,0.0,TAGTAATAGTACCTAATGTGNGG,TAGTAATAGTACCTAATGTGNGG,EIF3F,intron,NA12878,7988349.0,7988351.0,TCCCTCAGTGTCCCCTAATATTAGTACCTAATGTGAGAAACCCTGTTCCCCCATTTTGCATT,2,0.508
chr10:6162599+,14.0,0.0,TAGTAATAGTACCAATGTGGAC,0.0,0.0,TAGTAATAGTACC-AATGTGGAC,2.0,1.0,0.0,TAGTAATAGTACCTAATGTGNGG,TAGTAATAGTACCTAATGTGNGG,PFKFB3,intron,NA12878,6162612.0,6162616.0,atcatcattattaatagtagtaatagtaccaatgtggactccgggatttttaaaattatgactg,1,0.08499999999999999
chr1:192973098+,14.0,0.0,TGTACATTGTACCTAATGTGTAG,13.0,0.0,TGTACATTGTACCTAATGTGTAG,6.0,0.0,0.0,TAGTAATAGTACCTAATGTGNGG,TAGTAATAGTACCTAATGTGNGG,RGS2-AS1,intergenic | 24852bp from RGS2-AS1,NA12878,192973114.0,192973116.0,tgccacctgagtagtgtacattgtacctaatgtgtagcttttttattcctacccccatcact,2,0.163
chr8:68610729+,14.0,0.0,AAGTAAAAGTAACTAATGAGGGA,0.0,0.0,AAGTAAAAGTAACTAATGAGGGA,5.0,0.0,0.0,TAGTAATAGTACCTAATGTGNGG,TAGTAATAGTACCTAATGTGNGG,C8orf34,intron,NA12878,68610744.0,68610746.0,AAACAGTCAGGGACTAAGTAAAAGTAACTAATGAGGGAATGTTAGTGTCAAGTACATTTTAT,1,0.08499999999999999
chr3:180068194-,14.0,0.0,TGGTAATAGGACCCAATGTGAGG,63.0,0.0,TGGTAATAGGACCCAATGTGAGG,3.0,0.0,0.0,TAGTAATAGTACCTAATGTGNGG,TAGTAATAGTACCTAATGTGNGG,PEX5L,intergenic | 31268bp from PEX5L,NA12878,180068199.0,180068202.0,GACTCCTTCTACATATTACCAAATGCCTCACATTGGGTCCTATTACCATATTTTCttttgtct,2,0.46499999999999997
chr12:99481136+,14.0,0.0,TCTACATTGTACCTAATGTGTAG,17.0,0.0,TCTACATTGTACCTAATGTGTAG,6.0,0.0,0.0,TAGTAATAGTACCTAATGTGNGG,TAGTAATAGTACCTAATGTGNGG,ANKS1B,intron,NA12878,99481152.0,99481154.0,catcacccatgtagtctacattgtacctaatgtgtagtttgtttttttatccctagctaccc,2,0.187
chr5:16576012+,14.0,0.0,TTCAAGTAGTACCTAATATTTGG,23.0,0.0,TTCAAGTAGTACCTAATATTTGG,6.0,0.0,0.0,TAGTAATAGTACCTAATGTGNGG,TAGTAATAGTACCTAATGTGNGG,RETREG1,intron,NA12878,16576028.0,16576030.0,TAGTTTATTCATTTTTCAAGTAGTACCTAATATTTGGGAGGGTTTGTGTTATTAGATGAAGG,2,0.22399999999999998
chr10:22808950+,13.0,0.0,TGCACATTGTACCTAATGTGTAG,23.0,0.0,TGCACATTGTACCTAATGTGTAG,6.0,0.0,0.0,TAGTAATAGTACCTAATGTGNGG,TAGTAATAGTACCTAATGTGNGG,PIP4K2A,intergenic | 94383bp from PIP4K2A,NA12878,22808966.0,22808968.0,catcacccaagcagtgcacattgtacctaatgtgtagtcttttatccctcaccccactccca,2,0.218
chr11:49554062-,13.0,0.0,GAATAATAGTACCTATGTAGAGG,60.0,0.0,GAATAATAGTACCTATGTAGAGG,6.0,0.0,0.0,TAGTAATAGTACCTAATGTGNGG,TAGTAATAGTACCTAATGTGNGG,GRM5P1,intergenic | 4454bp from GRM5P1,NA12878,49554068.0,49554071.0,atccattattgtttatcttagcaacctctacataggtactattattcacattttacagaaaaa,2,0.441
chr3:149025566-,13.0,0.0,TACTAATAGTACTTAATATAGTG,10.0,0.0,TACTAATAGTACTTAATATAGTGG,3.0,0.0,1.0,TAGTAATAGTACCTAATGTGNGG,TAGTAATAGTACCTAATGT-GNGG,GYG1,intron,NA12878,149025571.0,149025573.0,gctattcttattTAACCCTTAAAACCACTATATTAAGTACTATTAGTAAGTATTGTTAAGTA,2,0.13899999999999998
chr12:86720492-,13.0,0.0,TATTAATAGGACCTAATTGGGGT,0.0,0.0,TATTAATAGGACCTAAT-TGGGG,2.0,1.0,0.0,TAGTAATAGTACCTAATGTGNGG,TAGTAATAGTACCTAATGTGNGG,MGAT4C,intron,NA12878,86720498.0,86720500.0,ATGTTATGTTTATTTTAAAGTACTACCCCAATTAGGTCCTATTAATATTAACATCTATATCA,1,0.079
chr18:38029399+,13.0,0.0,TTACAATAGTACCTAATATGGGC,23.0,0.0,TAC-AATAGTACCTAATATGGGC,3.0,1.0,0.0,TAGTAATAGTACCTAATGTGNGG,TAGTAATAGTACCTAATGTGNGG,MIR4318,intergenic | 372195bp from MIR4318,NA12878,38029414.0,38029416.0,atttataaataaaaattacaatagtacctaatatgggctttctcatcagttgcttaaagtgg,2,0.218
chr10:118362481-,12.0,0.0,GAGTATTCATACCTAATGTGGAG,0.0,0.0,GAGTATTCATACCTAATGTGGAG,5.0,0.0,0.0,TAGTAATAGTACCTAATGTGNGG,TAGTAATAGTACCTAATGTGNGG,LINC00867,intergenic | 3289bp from LINC00867,NA12878,118362487.0,118362488.0,ttcaagaaatgcttgttgaaCCAACTCCACATTAGGTATGAATACTCCCAGACAAATAAAT,1,0.073
chr14:29224010+,12.0,0.0,AAGTAATAGAACCTATTCTGGGT,0.0,0.0,AAGTAATAGAACCTATTCTGGGT,5.0,0.0,0.0,TAGTAATAGTACCTAATGTGNGG,TAGTAATAGTACCTAATGTGNGG,LINC02326,intergenic | 158966bp from LINC02326,NA12878,29224025.0,29224027.0,ATACAATATGGCACTAAGTAATAGAACCTATTCTGGGTTGATGAATGCTTGTGCACTGATGC,1,0.073
chr6:39868234+,12.0,0.0,TTGGGCCAGTACCTAATGTGGGA,0.0,0.0,TTGGGCCAGTACCTAATGTGGGA,6.0,0.0,0.0,TAGTAATAGTACCTAATGTGNGG,TAGTAATAGTACCTAATGTGNGG,DAAM2,intron,NA12878,39868248.0,39868252.0,ATTTTAGGTGCTATACTTGGGCCAGTACCTAATGTGGGACACTGGGACCATCCCTGGGAGCTTC,1,0.073
chr2:156599647-,12.0,0.0,TAGTAACAGTACCCAATGGTGGA,20.0,0.0,TAGTAACAGTACCCAATG-GTGG,2.0,1.0,0.0,TAGTAATAGTACCTAATGTGNGG,TAGTAATAGTACCTAATGTGNGG,GPD2,intergenic | 13255bp from GPD2,NA12878,156599653.0,156599655.0,aattcatttaatattcataacaactccaccattgggtactgttactatccctttttaaaggt,2,0.193
chr11:89070399+,12.0,0.0,GAATAATAGTACCTATGTAGAGG,73.0,0.0,GAATAATAGTACCTATGTAGAGG,6.0,0.0,0.0,TAGTAATAGTACCTAATGTGNGG,TAGTAATAGTACCTAATGTGNGG,GRM5,intergenic | 4428bp from GRM5,NA12878,89070413.0,89070415.0,GTTTtctgtaaaatgtgaataatagtacctatgtagaggttgctaagataaataataataga,2,0.514
chr9:25976275+,12.0,0.0,TACTAATAGTACTAATTTGAGG,0.0,0.0,TACTAATAGTAC-TAATTTGAGG,2.0,1.0,0.0,TAGTAATAGTACCTAATGTGNGG,TAGTAATAGTACCTAATGTGNGG,LINC03106,intergenic | 90388bp from LINC03106,NA12878,25976289.0,25976292.0,AGATTTTTTTCAGGTATACTAATAGTACTAATTTGAGGCAAATGGTAATGATCAAATTAATTG,1,0.073
chr12:81578342-,12.0,0.0,TAATAATAATACCTAATTTGGTT,0.0,0.0,TAATAATAATACCTAATTTGGTT,5.0,0.0,0.0,TAGTAATAGTACCTAATGTGNGG,TAGTAATAGTACCTAATGTGNGG,PPFIA2,intron,NA12878,81578349.0,81578351.0,tgggggttgtccttgaggttatcaaccaAATTAGGTattattattatcatcatcatcaccat,1,0.073
chr3:102571815-,12.0,0.0,CACTAATAGCACCTAATGTACAG,13.0,0.0,CACTAATAGCACCTAATGTACAG,5.0,0.0,0.0,TAGTAATAGTACCTAATGTGNGG,TAGTAATAGTACCTAATGTGNGG,ZPLD1,intergenic | 91985bp from ZPLD1,NA12878,102571820.0,102571822.0,AATTATCAATGGTACTTCTGTACTTCTGTACATtaggtgctattagtgactcactcagatta,2,0.151
chr10:5347208+,12.0,0.0,AAATAATAGTACCCAATAGGGAG,23.0,0.0,AAATAATAGTACCCAATAGGGAG,6.0,0.0,0.0,TAGTAATAGTACCTAATGTGNGG,TAGTAATAGTACCTAATGTGNGG,UCN3,intergenic | 17746bp from UCN3,NA12878,5347221.0,5347226.0,TTGCCTGTGAGTCTAATAAATAATAGTACCCAATAGGGAGCAATTGTCATTAGGGTCCATTGGAA,2,0.211
chr12:16197820-,12.0,0.0,AAGTTATAGTACCTAAGAGCGG,0.0,0.0,AAGTTATAGTACCTAA-GAGCGG,3.0,1.0,0.0,TAGTAATAGTACCTAATGTGNGG,TAGTAATAGTACCTAATGTGNGG,SLC15A5,intron,NA12878,16197825.0,16197827.0,TTCCGTTTAACATTGTCAGTTGACTCCGCTCTTAGGTACTATAACTTTATTTTAGTAGCTTA,1,0.073
chr19:40490493-,11.0,0.0,ACTAAATAGTACCTAATTTATGG,0.0,0.0,TACTAAATAGTACCTAATTTATGG,3.0,0.0,1.0,TAGTAATAGTACCTAATGTGNGG,TAGTAA-TAGTACCTAATGTGNGG,SPTBN4,intron,NA12878,40490498.0,40490500.0,ttgacatttaatacacacagcaaccccataaattaggtactatttagtaccccattttacca,1,0.066
chr13:81197867-,11.0,0.0,TAGTAATAAACCTAATGTTAAG,0.0,0.0,TAGTAATAA-ACCTAATGTTAAG,3.0,1.0,0.0,TAGTAATAGTACCTAATGTGNGG,TAGTAATAGTACCTAATGTGNGG,LINC00564,intergenic | 27986bp from LINC00564,NA12878,81197872.0,81197874.0,GCAAAAAAAAAAATAATCACATGGACTTAACATTAGGTTTATTACTATGATCTTGGCACTGT,1,0.066
chrX:79412367+,11.0,0.0,AACTTATATTACCTAATGTTGGA,0.0,0.0,AACTTATATTACCTAATGTTGGA,6.0,0.0,0.0,TAGTAATAGTACCTAATGTGNGG,TAGTAATAGTACCTAATGTGNGG,ITM2A,intergenic | 45044bp from ITM2A,NA12878,79412382.0,79412383.0,TCCAAATTTGTTTCCAACTTATATTACCTAATGTTGGAAACCATTTGCTTGAATATTGGCT,1,0.066
chr1:199819801+,11.0,0.0,ACTCAATAGTACCTAATGTTATG,13.0,0.0,TACTCAATAGTACCTAATGTTATG,3.0,0.0,1.0,TAGTAATAGTACCTAATGTGNGG,TAGT-AATAGTACCTAATGTGNGG,NR5A2,intergenic | 207897bp from NR5A2,NA12878,199819816.0,199819819.0,gatgtctccgCATGTACTCAATAGTACCTAATGTTATGAGATTTTCCCAAaagtgaaaaaaag,2,0.145
chr1:244242184+,11.0,0.0,AAGTAATAGGACCTTTTGTGGGG,0.0,0.0,AAGTAATAGGACCTTTTGTGGGG,4.0,0.0,0.0,TAGTAATAGTACCTAATGTGNGG,TAGTAATAGTACCTAATGTGNGG,SPMIP3,intergenic | 110439bp from SPMIP3,NA12878,244242199.0,244242202.0,gtgctatataaactaaagtaataggaccttttgtggggtgctgggttgttcagccgtcaatgc,1,0.066
chr1:247938361+,11.0,0.0,TCATAATAATACCTAATGTGGAC,0.0,0.0,TCATAATAATACCTAATGTGGAC,5.0,0.0,0.0,TAGTAATAGTACCTAATGTGNGG,TAGTAATAGTACCTAATGTGNGG,OR2L13,intron,NA12878,247938375.0,247938377.0,AGCCTGCTTTTACAACTCATAATAATACCTAATGTGGACCCAAGAGCAGCATGAAATCAGAG,1,0.066
chrX:6342379-,11.0,0.0,GAGTAATAGCACCTATTTGAGG,0.0,0.0,GAGTAATAGCACCTATT-TGAGG,3.0,1.0,0.0,TAGTAATAGTACCTAATGTGNGG,TAGTAATAGTACCTAATGTGNGG,MIR4770,intergenic | 41515bp from MIR4770,NA12878,6342384.0,6342387.0,AGAAATTTACTTTGCTCTTCTCTTACCTCAAATAGGTGCTATTACTCTTAAAAACATACAAAA,1,0.066
chrX:11221839+,11.0,0.0,TAGCATAGTACCTGATGGGTGG,0.0,0.0,TAGCA-TAGTACCTGATGGGTGG,3.0,1.0,0.0,TAGTAATAGTACCTAATGTGNGG,TAGTAATAGTACCTAATGTGNGG,ARHGAP6,intron,NA12878,11221854.0,11221856.0,ttgttacctaggttatagcatagtacctgatgggtggttttcgatcctcaccctcccctcct,1,0.066
chr15:99628694-,11.0,0.0,CAGTAATAGTACATAATAGGGGA,30.0,0.0,CAGTAATAGTACATAATA-GGGG,3.0,1.0,0.0,TAGTAATAGTACCTAATGTGNGG,TAGTAATAGTACCTAATGTGNGG,MEF2A,intron,NA12878,99628700.0,99628705.0,cacttttatttcattttgctatcctcccctattatgtactattactgttatgtattgtaacattt,2,0.248
chr15:45324474-,11.0,0.0,GAGACATAGTAGCTAATGTGAGG,23.0,0.0,GAGACATAGTAGCTAATGTGAGG,4.0,0.0,0.0,TAGTAATAGTACCTAATGTGNGG,TAGTAATAGTACCTAATGTGNGG,GATM,intergenic | 36638bp from GATM,NA12878,45324479.0,45324481.0,aaaaaaaaaaataataataataatgcctcacattagctactatgtctctctctctttttttt,2,0.20500000000000002
chrX:116826622-,11.0,0.0,TAATAATATCACCTAATGTAAGG,37.0,0.0,TAATAATATCACCTAATGTAAGG,4.0,0.0,0.0,TAGTAATAGTACCTAATGTGNGG,TAGTAATAGTACCTAATGTGNGG,LOC100126447,intergenic | 8773bp from LOC100126447,NA12878,116826628.0,116826630.0,AAGTACTATGTTTATTTTTTTCAGCCTTACATTAGGTGATATTATTATTATTATTGAAATTA,2,0.29
chr9:27561049-,11.0,0.0,TAGTAATAGTACCTAATGTGTAG,0.0,0.0,TAGTAATAGTACCTAATGTGTAG,1.0,0.0,0.0,TAGTAATAGTACCTAATGTGNGG,TAGTAATAGTACCTAATGTGNGG,C9orf72,intron,NA12878,27561053.0,27561056.0,tatcttactcaatgcttataacaaccctacacattaggtactattactattattgccatttta,1,0.066
chr11:62196830+,11.0,0.0,TAGAAGTAGAACCTAATGTGTGA,57.0,0.0,TAGAAGTAGAACCTAATGTGTGA,4.0,0.0,0.0,TAGTAATAGTACCTAATGTGNGG,TAGTAATAGTACCTAATGTGNGG,SCGB1D1,intergenic | 3302bp from SCGB1D1,NA12878,62196845.0,62196847.0,ggaaatatgtacacttagaagtagaacctaatgtgtgaaactcatgaccagttcagcctact,2,0.411
chr9:108542100+,11.0,0.0,CAGTAGTACTACCTAAGTGGGG,30.0,0.0,CAGTAGTACTACCTAA-GTGGGG,3.0,1.0,0.0,TAGTAATAGTACCTAATGTGNGG,TAGTAATAGTACCTAATGTGNGG,ACTL7B,intergenic | 312476bp from ACTL7B,NA12878,108542115.0,108542117.0,AGATTCCAAGGCTGTCAGTAGTACTACCTAAGTGGGGAAGACTTTGGGAGAAAGGCATAACA,2,0.248
chrX:137222940+,11.0,0.0,AAATAATAGTACCTATTGGGTAG,0.0,0.0,AAATAATAGTACCTATTGGGTAG,5.0,0.0,0.0,TAGTAATAGTACCTAATGTGNGG,TAGTAATAGTACCTAATGTGNGG,GPR101,intergenic | 188956bp from GPR101,NA12878,137222953.0,137222955.0,catttgtaatgtgggagaaataatagtacctattgggtagtgctcttgtcatggttgaatga,1,0.066
chr8:106162395-,11.0,0.0,TAGTTATAGTACTTAATATGGGA,17.0,0.0,TAGTTATAGTACTTAATATGGGA,4.0,0.0,0.0,TAGTAATAGTACCTAATGTGNGG,TAGTAATAGTACCTAATGTGNGG,ZFPM2-AS1,intergenic | 101903bp from ZFPM2-AS1,NA12878,106162400.0,106162403.0,TCCCACAAATGGAGTGTCTTACTACTCCCATATTAAGTACTATAACTACTAAAGTACTTCTCC,2,0.169
chr15:71220500+,11.0,0.0,TAATAATAATACCTATCATGTGG,0.0,0.0,TAATAATAATACCTATCATGTGG,5.0,0.0,0.0,TAGTAATAGTACCTAATGTGNGG,TAGTAATAGTACCTAATGTGNGG,THSD4,intron,NA12878,71220516.0,71220519.0,ctttcaaatgagagtaataataatacctatcatgtggggttgttgaataattcaatgaaataa,1,0.066
chr5:171160494-,10.0,0.0,TGAGAGTAGTACCTAATCTGTGG,40.0,0.0,GAG-AGTAGTACCTAATCTGTGG,3.0,1.0,0.0,TAGTAATAGTACCTAATGTGNGG,TAGTAATAGTACCTAATGTGNGG,RANBP17,intron,NA12878,171160499.0,171160501.0,attaaccattttaatctcaaaaattccacagattaggtactactctcatcctttttatattt,2,0.302
chr7:128002411-,10.0,0.0,ATGTAATACTGCCTAATGTGTGG,10.0,0.0,T-GTAATACTGCCTAATGTGTGG,2.0,1.0,0.0,TAGTAATAGTACCTAATGTGNGG,TAGTAATAGTACCTAATGTGNGG,SND1,intron,NA12878,128002416.0,128002419.0,TCTTTGTCTCTGATTCCTCATGGTCCCACACATTAGGCAGTATTACATTCAGTGGAAAACCAA,2,0.121
chrX:23589179-,10.0,0.0,TGTACATTGTACCTAATGTGTAG,0.0,0.0,TGTACATTGTACCTAATGTGTAG,6.0,0.0,0.0,TAGTAATAGTACCTAATGTGNGG,TAGTAATAGTACCTAATGTGNGG,PRDX4,intergenic | 78302bp from PRDX4,NA12878,23589184.0,23589187.0,aagaaggggctagggattgaaaaaactacacattaggtacaatgtacactacttgggtgaggg,1,0.06
chr8:18145077+,10.0,0.0,TGGTAACAGTACCTAACGGTGGG,0.0,0.0,TGGTAACAGTACCTAACG-GTGG,3.0,1.0,0.0,TAGTAATAGTACCTAATGTGNGG,TAGTAATAGTACCTAATGTGNGG,NAT1,intergenic | 25378bp from NAT1,NA12878,18145092.0,18145094.0,AACAAATGCTTTTTCTGGTAACAGTACCTAACGGTGGGTTGTTTGAATTTTTGGCAAGAAAA,1,0.06
chr21:41049661+,10.0,0.0,TGTACATTGTACCTAATGTGTAG,0.0,0.0,TGTACATTGTACCTAATGTGTAG,6.0,0.0,0.0,TAGTAATAGTACCTAATGTGNGG,TAGTAATAGTACCTAATGTGNGG,LINC00323,intergenic | 91827bp from LINC00323,NA12878,41049677.0,41049679.0,cctcacccaagtcgtgtacattgtacctaatgtgtagtttgttatccctgcatccccctccc,1,0.06
chr9:71618230-,10.0,0.0,TAAGCATAGTACCTAATAGGTGG,10.0,0.0,TAAGCATAGTACCTAATAGGTGG,5.0,0.0,0.0,TAGTAATAGTACCTAATGTGNGG,TAGTAATAGTACCTAATGTGNGG,CEMIP2,intergenic | 65124bp from CEMIP2,NA12878,71618235.0,71618237.0,gtgggaggagggtgagaatcaaaaaccacctattaggtactatgcttatcacctaagtgaca,2,0.121
chrX:133821639+,10.0,0.0,AGGTAATAATACCTAGTGTAGGC,0.0,0.0,AGGTAATAATACCTAGTGTAGGC,6.0,0.0,0.0,TAGTAATAGTACCTAATGTGNGG,TAGTAATAGTACCTAATGTGNGG,GPC3,intron,NA12878,133821654.0,133821656.0,catccacataacaaaaggtaataatacctAGTGTAGGCATTATTCATCTTTATATCCATCAT,1,0.06
chr10:100222239-,10.0,0.0,GAGTATAGTAATTAATGTGTGG,0.0,0.0,GAGTA-TAGTAATTAATGTGTGG,3.0,1.0,0.0,TAGTAATAGTACCTAATGTGNGG,TAGTAATAGTACCTAATGTGNGG,CHUK,intron,NA12878,100222244.0,100222247.0,GCAAATTGCTGGGCTGCAATAGTGACCACACATTAATTACTATACTCTAAAAGAATATTCAAA,1,0.06
chr3:10678743+,10.0,0.0,TAATAATAGTACCAATCTGTGG,0.0,0.0,TAATAATAGTACC-AATCTGTGG,2.0,1.0,0.0,TAGTAATAGTACCTAATGTGNGG,TAGTAATAGTACCTAATGTGNGG,ATP2B2-IT2,intergenic | 51947bp from ATP2B2-IT2,NA12878,10678757.0,10678760.0,tgagttaaagtggggataataatagtaccaatctgtggtaggtagaattctaaatcatccccc,1,0.06
chr12:120431818-,10.0,0.0,AAATAATAGTACCTACTGTTAGG,0.0,0.0,AAATAATAGTACCTACTGTTAGG,4.0,0.0,0.0,TAGTAATAGTACCTAATGTGNGG,TAGTAATAGTACCTAATGTGNGG,COX6A1,intergenic | 6283bp from COX6A1,NA12878,120431823.0,120431825.0,catcatgttcagttctcccaaaaaccctaacagtaggtactattattttcctcattctgcag,1,0.06
chr15:39310896-,10.0,0.0,TAGTAATAGTTACATAATGTGTGA,0.0,0.0,TAGTAATAGTTACATAATGTGTGA,2.0,0.0,1.0,TAGTAATAGTACCTAATGTGNGG,TAGTAATAGT-ACCTAATGTGNGG,LINC02915,intergenic | 56063bp from LINC02915,NA12878,39310901.0,39310903.0,CTTTTAGCATTTTCATTGCCACGAATCACACATTATGTAACTATTACTAAGCTAATCCCACT,1,0.06
chr13:102972258+,10.0,0.0,TGTACATTGTACCTAATGTGTAG,27.0,0.0,TGTACATTGTACCTAATGTGTAG,6.0,0.0,0.0,TAGTAATAGTACCTAATGTGNGG,TAGTAATAGTACCTAATGTGNGG,SLC10A2,intergenic | 71728bp from SLC10A2,NA12878,102972274.0,102972276.0,catcacttgagtagtgtacattgtacctaatgtgtagtttttatccctagccctcctcccat,2,0.22399999999999998
chr17:43476846+,10.0,0.0,TAATGATAGAATCTAATGTGTGG,0.0,0.0,TAATGATAGAATCTAATGTGTGG,4.0,0.0,0.0,TAGTAATAGTACCTAATGTGNGG,TAGTAATAGTACCTAATGTGNGG,DHX8,intergenic | 7117bp from DHX8,NA12878,43476861.0,43476864.0,TCAAGCCACTTTAAATAATGATAGAATCTaatgtgtgggtttgattatattacctcttaaacc,1,0.06
chr6:13157358-,8.0,0.0,TGATGATATTACTTAATGTGTGA,0.0,0.0,TGATGATATTACTTAATGTGTGA,6.0,0.0,0.0,TAGTAATAGTACCTAATGTGNGG,TAGTAATAGTACCTAATGTGNGG,PHACTR1,intron,NA12878,13157364.0,13157365.0,aggaggactgatcttaacttgtgatcacacattaagtaatatcatcatttgatgatggtct,1,0.048
chr16:9738821-,8.0,0.0,CAATAATAGACCTATTGTGAGG,0.0,0.0,CAATAATAG-ACCTATTGTGAGG,3.0,1.0,0.0,TAGTAATAGTACCTAATGTGNGG,TAGTAATAGTACCTAATGTGNGG,GRIN2A,intergenic | 14571bp from GRIN2A,NA12878,9738826.0,9738828.0,ggtttttttatgctttacatgttatcctcacaataggtctattattgctgctgttatgccca,1,0.048
chr8:106900034+,8.0,0.0,TCAGCATAGTACCTAATGGGAAG,0.0,0.0,TCAGCATAGTACCTAATGGGAAG,6.0,0.0,0.0,TAGTAATAGTACCTAATGTGNGG,TAGTAATAGTACCTAATGTGNGG,ABRA,intergenic | 129801bp from ABRA,NA12878,106900047.0,106900052.0,tcccatcacccagatagtcagcatagtacctaatgggaagtttttcattcctttgaccatcttta,1,0.048
chr18:34174637-,8.0,0.0,TAGGAGAAGTACCTAATGTAGGT,20.0,0.0,TAGGAGAAGTACCTAATGT-AGG,3.0,1.0,0.0,TAGTAATAGTACCTAATGTGNGG,TAGTAATAGTACCTAATGTGNGG,NOL4,intron,NA12878,34174643.0,34174645.0,gtttgctgcacccatcagcccgtcacctacattaggtacttctcctaatgctatccctctgc,2,0.169
chr9:71090874-,8.0,0.0,TACTAATAGTACCTAACATTTTT,17.0,0.0,TACTAATAGTACCTAACATTTTT,6.0,0.0,0.0,TAGTAATAGTACCTAATGTGNGG,TAGTAATAGTACCTAATGTGNGG,TRPM3,intron,NA12878,71090868.0,71090870.0,tatttagtactgtgccgggcatataggaagtacttaaaaaatgttaggtactattAGTAATA,2,0.151
chr11:123479546+,8.0,0.0,TATTAATAGAACCTATGTGAAG,0.0,0.0,TATTAATAGAACCTA-TGTGAAG,3.0,1.0,0.0,TAGTAATAGTACCTAATGTGNGG,TAGTAATAGTACCTAATGTGNGG,GRAMD1B,intron,NA12878,123479560.0,123479562.0,GGTAATAGGGATTTATTATTAATAGAACCTATGTGAAGCAGGGGTTGGCCAACTTCCTGGTA,1,0.048
chr7:7832887+,8.0,0.0,TTGAGATAGGACCTAATGGGTCG,0.0,0.0,TTGAGATAGGACCTAATGGGTCG,6.0,0.0,0.0,TAGTAATAGTACCTAATGTGNGG,TAGTAATAGTACCTAATGTGNGG,UMAD1,intron,NA12878,7832903.0,7832905.0,CTTCGTAGTTGCATTTGAGATAGGACCTAATGGGTCGGTCAGCTTTTCATAGACAGGGGGGA,1,0.048
chr2:201328192-,8.0,0.0,TGTATATTGTACCTAATGTGTAG,20.0,0.0,TGTATATTGTACCTAATGTGTAG,6.0,0.0,0.0,TAGTAATAGTACCTAATGTGNGG,TAGTAATAGTACCTAATGTGNGG,FLACC1,intron,NA12878,201328197.0,201328199.0,ggcttgtgataaaaaaaaaacaaaactacacattaggtacaatatacactacttagatgatg,2,0.169
chr13:54322456-,8.0,0.0,TAAGCATAGTACCTAATAGGTAG,0.0,0.0,TAAGCATAGTACCTAATAGGTAG,6.0,0.0,0.0,TAGTAATAGTACCTAATGTGNGG,TAGTAATAGTACCTAATGTGNGG,MIR1297,intergenic | 10419bp from MIR1297,NA12878,54322464.0,54322466.0,atgagggacaggatcaaaaaaactacctattaggtactatgcttattacataggtgatgaaa,1,0.048
chr13:57138508-,8.0,0.0,GAGCAATAGTACCTAATGTTGAG,47.0,0.0,GAGCAATAGTACCTAATGTTGAG,4.0,0.0,0.0,TAGTAATAGTACCTAATGTGNGG,TAGTAATAGTACCTAATGTGNGG,PRR20A,intergenic | 2398bp from PRR20A,NA12878,57138513.0,57138516.0,AAACACAGAAAGAAAATTTACAAGTCTCAACATTAGGTACTATTGCTCATTTTCTCTTTGACC,2,0.332
chr7:116064575+,8.0,0.0,TAGGACAAATACCTAATGCATGG,0.0,0.0,TAGGACAAATACCTAATGCATGG,6.0,0.0,0.0,TAGTAATAGTACCTAATGTGNGG,TAGTAATAGTACCTAATGTGNGG,TFEC,intergenic | 33823bp from TFEC,NA12878,116064591.0,116064593.0,gggaaggacagcattaggacaaatacctaatgcatgggtggcttaaaacctagatgacgggt,1,0.048
chr6:21516089+,8.0,0.0,CAGTAATAGGCCTAATGTTTGG,37.0,0.0,CAGTAATAGG-CCTAATGTTTGG,3.0,1.0,0.0,TAGTAATAGTACCTAATGTGNGG,TAGTAATAGTACCTAATGTGNGG,LINC00581,intergenic | 4208bp from LINC00581,NA12878,21516104.0,21516105.0,GCAATGTGTAATATTCAGTAATAGGCCTAATGTTTGGATATCTGTGTTGAATAGTGGATCt,2,0.272
chr4:77436980-,8.0,0.0,TATTCATAGTAACTAAGATATGG,10.0,0.0,TATTCATAGTAACTAAGATATGG,6.0,0.0,0.0,TAGTAATAGTACCTAATGTGNGG,TAGTAATAGTACCTAATGTGNGG,CXCL13,intergenic | 74761bp from CXCL13,NA12878,77436991.0,77436994.0,atggacacttaggttgattccatatcttagttactatgaataatgctgcaaggaacctgggag,2,0.109
chr10:61014079+,8.0,0.0,TAGCAATAATACCTAATGGTTTG,43.0,0.0,TAGCAATAATACCTAATGGTTTGG,3.0,0.0,1.0,TAGTAATAGTACCTAATGTGNGG,TAGTAATAGTACCTAATG-TGNGG,LINC00845,intergenic | 2184bp from LINC00845,NA12878,61014096.0,61014098.0,ATTGGTTACTGCTTAGCAATAATACCTAATGGTTTGGTAGAAAATTTTTAAGGAGAGTGAAT,2,0.308
chr5:99565198-,8.0,0.0,TTCTAATAGCAAATAATTTGTGG,0.0,0.0,TTCTAATAGCAAATAATTTGTGG,6.0,0.0,0.0,TAGTAATAGTACCTAATGTGNGG,TAGTAATAGTACCTAATGTGNGG,LINC02113,non-coding RNA,NA12878,99565205.0,99565208.0,TGTGTGCAAGTGAACATTAAATCCCACAAATTATTTGCTATTAGAATGGCTAGGATTCTTAGA,1,0.048
chr4:97735432-,8.0,0.0,TGTACATTGTACCTAATGTGTAG,17.0,0.0,TGTACATTGTACCTAATGTGTAG,6.0,0.0,0.0,TAGTAATAGTACCTAATGTGNGG,TAGTAATAGTACCTAATGTGNGG,STPG2,intron,NA12878,97735437.0,97735439.0,gttgggagggaaataggatcaaaaactacacattaggtacaatgtacactattcaggtgaca,2,0.151
chr1:222242957-,8.0,0.0,CAATAATAGTATCTACTGTAGGG,0.0,0.0,CAATAATAGTATCTACTGTAGGG,5.0,0.0,0.0,TAGTAATAGTACCTAATGTGNGG,TAGTAATAGTACCTAATGTGNGG,LINC02474,intergenic | 258004bp from LINC02474,NA12878,222242963.0,222242965.0,ccttcaggggaaaaatttaaacttccctacaGTAGATACTATTATTGGAAGAAATCATTTTT,1,0.048
chr10:73411330-,8.0,0.0,TGTACATTGTACCTAATGTGTAG,0.0,0.0,TGTACATTGTACCTAATGTGTAG,6.0,0.0,0.0,TAGTAATAGTACCTAATGTGNGG,TAGTAATAGTACCTAATGTGNGG,ANXA7,intron,NA12878,73411335.0,73411337.0,gtgaaagggggctaggaatcaaaaactacacattaggtacaatgtacattacttgggtgact,1,0.048
chr20:14950564-,8.0,0.0,ACAAAATAATACCTAATGTGGGC,30.0,0.0,ACAAAATAATACCTAATGTGGGC,6.0,0.0,0.0,TAGTAATAGTACCTAATGTGNGG,TAGTAATAGTACCTAATGTGNGG,MACROD2,intron,NA12878,14950570.0,14950572.0,GGCAAGAACTAGAGACATAGGCAAGCCCACATTAGGTATTATTTTGTTTTGTTAGGTTTGTT,2,0.22999999999999998
chr15:41293288+,8.0,0.0,ACTTGAAAGTACCTAATGTGAGG,10.0,0.0,ACTTGAAAGTACCTAATGTGAGG,5.0,0.0,0.0,TAGTAATAGTACCTAATGTGNGG,TAGTAATAGTACCTAATGTGNGG,OIP5-AS1,non-coding RNA,NA12878,41293304.0,41293306.0,AAGTAACTTCAGCCACTTGAAAGTACCTAATGTGAGGCCAACTTTAGGGGAAATTTATTTGT,2,0.109
chr4:32876175+,8.0,0.0,TTATAATAATACCTAATACTTGG,0.0,0.0,TTATAATAATACCTAATACTTGG,6.0,0.0,0.0,TAGTAATAGTACCTAATGTGNGG,TAGTAATAGTACCTAATGTGNGG,LINC02353,intergenic | 522966bp from LINC02353,NA12878,32876191.0,32876193.0,tgaaaatgggctgattataataatacctaatacttggagatgagataaaatgagGTGGTGTT,1,0.048
chr3:82131580+,7.0,0.0,AAGTTGTAATACCTAATGTTGGA,0.0,0.0,AAGTTGTAATACCTAATGTTGGA,6.0,0.0,0.0,TAGTAATAGTACCTAATGTGNGG,TAGTAATAGTACCTAATGTGNGG,LINC02008,non-coding RNA,NA12878,82131595.0,82131597.0,cccaaatcttatttcaagttgtaatacctaatgttggatgaggggcctggtgggaggtgact,1,0.042
chr4:53629009-,7.0,0.0,TGTATATTGTACCTAATGTGTAG,23.0,0.0,TGTATATTGTACCTAATGTGTAG,6.0,0.0,0.0,TAGTAATAGTACCTAATGTGNGG,TAGTAATAGTACCTAATGTGNGG,LNX1-AS2,intergenic | 23638bp from LNX1-AS2,NA12878,53629014.0,53629016.0,tgagaggtggatatgagattcaaaactacacattaggtacaatatacactacctgggtgatg,2,0.181
chr8:138641336-,7.0,0.0,CAGTAATAGGACCTAAAGGGGGC,0.0,0.0,CAGTAATAGGACCTAAAG-GGGG,3.0,1.0,0.0,TAGTAATAGTACCTAATGTGNGG,TAGTAATAGTACCTAATGTGNGG,COL22A1,intron,NA12878,138641342.0,138641344.0,TGGGTGTCTCTGGATCCATGCCAGGCCCCCTTTAGGTCCTATTACTGGTTGGTGAACATGCT,1,0.042
chr8:120116421+,7.0,0.0,TAAGTAAAGTTCCTAATGTGGAG,0.0,0.0,AAGTAA-AGTTCCTAATGTGGAG,3.0,1.0,0.0,TAGTAATAGTACCTAATGTGNGG,TAGTAATAGTACCTAATGTGNGG,COL14A1,intergenic | 8021bp from COL14A1,NA12878,120116437.0,120116439.0,gaatagcagaaatctaagtaaagttcctaatgtggagatggaattccaaacaaacaaacaga,1,0.042
chr5:2528381-,7.0,0.0,TAATAATTGTACCTATGTATGG,10.0,0.0,TAATAATTGTACCTA-TGTATGG,3.0,1.0,0.0,TAGTAATAGTACCTAATGTGNGG,TAGTAATAGTACCTAATGTGNGG,LSINCT5,intergenic | 184198bp from LSINCT5,NA12878,2528387.0,2528389.0,tgcaacaaaacatcacatggcaccccatacataggtacaattattatctctcaatttaagaa,2,0.10300000000000001
chr12:21833153-,7.0,0.0,TGTACATTGTACCTAATGTGTAG,0.0,0.0,TGTACATTGTACCTAATGTGTAG,6.0,0.0,0.0,TAGTAATAGTACCTAATGTGNGG,TAGTAATAGTACCTAATGTGNGG,ABCC9,intron,NA12878,21833158.0,21833160.0,tggaagaggggtgaggaataaaagactacacattaggtacaatgtacactgcttgggtgaca,1,0.042
chr7:70471559-,7.0,0.0,CTATAATAGTGCCTAATATAGGG,0.0,0.0,TA-TAATAGTGCCTAATATAGGG,3.0,1.0,0.0,TAGTAATAGTACCTAATGTGNGG,TAGTAATAGTACCTAATGTGNGG,AUTS2,intron,NA12878,70471565.0,70471567.0,taacaaatattttttgtatgcctaccctatattaggcactattataggcgctggggatatta,1,0.042
chr4:181398950+,7.0,0.0,AGCTAATAATACCTAATGTTGAG,0.0,0.0,TAGCTAATAATACCTAATGTTGAG,3.0,0.0,1.0,TAGTAATAGTACCTAATGTGNGG,TAG-TAATAGTACCTAATGTGNGG,LINC02500,intergenic | 133932bp from LINC02500,NA12878,181398965.0,181398968.0,TGCTAATATTATTATAGCTAATAATACCTAATGTTGAGTTATGTTGAGTAAGTGTTCATATAA,1,0.042
chr13:81082844-,7.0,0.0,TAATAATAATACCTATATGAGTGG,0.0,0.0,TAATAATAATACCTATATGAGTGG,3.0,0.0,1.0,TAGTAATAGTACCTAATGTGNGG,TAGTAATAGTACCTA-ATGTGNGG,LINC00377,intergenic | 38414bp from LINC00377,NA12878,81082850.0,81082852.0,tcacttattgaagcttgatggcaaccactcatataggtattattattattccccgtatttaa,1,0.042
chr6:98659065+,7.0,0.0,CAGTAATGTACATAATGTGGAG,0.0,0.0,CAGTAAT-GTACATAATGTGGAG,3.0,1.0,0.0,TAGTAATAGTACCTAATGTGNGG,TAGTAATAGTACCTAATGTGNGG,PNKY,intergenic | 171064bp from PNKY,NA12878,98659080.0,98659082.0,atgaaagttttaacacagtaatgtacataatgtggaggaaataaagtcgtcttgtgtagggc,1,0.042
chr6:130492906+,7.0,0.0,TGAATATAGTACCTAATGGGTAG,0.0,0.0,TGAATATAGTACCTAATGGGTAG,6.0,0.0,0.0,TAGTAATAGTACCTAATGTGNGG,TAGTAATAGTACCTAATGTGNGG,TMEM200A,intergenic | 49850bp from TMEM200A,NA12878,130492919.0,130492921.0,tcctgttgctcatgtattgaatatagtacctaatgggtagtttttcagctctttttctcctc,1,0.042
chr5:172692687+,7.0,0.0,CAATAATAGTTCCTGATTTTAGG,0.0,0.0,CAATAATAGTTCCTGATTTTAGG,6.0,0.0,0.0,TAGTAATAGTACCTAATGTGNGG,TAGTAATAGTACCTAATGTGNGG,NEURL1B,intergenic | 1158bp from NEURL1B,NA12878,172692703.0,172692705.0,cttcaaagcaagaacaataatagttcctgattttaggatgggtgtaaatgttattgagatca,1,0.042
chr15:67395469+,7.0,0.0,TCTTTATAGTACCAAATCTGGAG,0.0,0.0,TCTTTATAGTACCAAATCTGGAG,6.0,0.0,0.0,TAGTAATAGTACCTAATGTGNGG,TAGTAATAGTACCTAATGTGNGG,IQCH,intron,NA12878,67395485.0,67395487.0,CCTGAACTAGCTCATCTTTATAGTACCAAATCTGGAGGCAAACGTGTCTTTGACAGTGCCAA,1,0.042
chrX:133733325-,7.0,0.0,TGTATATTGTACCTAATGTGTAG,0.0,0.0,TGTATATTGTACCTAATGTGTAG,6.0,0.0,0.0,TAGTAATAGTACCTAATGTGNGG,TAGTAATAGTACCTAATGTGNGG,GPC3,intron,NA12878,133733330.0,133733332.0,ggaaagccagagacaaaaaagaaaactacacattaggtacaatatacactactctggtgatt,1,0.042
chr10:4407825-,7.0,0.0,AAGTAAGCTTACCTAATGTTGGT,0.0,0.0,AAGTAAGCTTACCTAATGTTGGT,6.0,0.0,0.0,TAGTAATAGTACCTAATGTGNGG,TAGTAATAGTACCTAATGTGNGG,LINC00703,non-coding RNA,NA12878,4407831.0,4407833.0,TTAAACGTTGATTTATTAGTCACAACCAACATTAGGTAAGCTTACTTTATAAACCTCAAACC,1,0.042
chr1:17901370-,7.0,0.0,CAAACATAGTACCTAATGGGTTG,0.0,0.0,CAAACATAGTACCTAATGGGTTG,6.0,0.0,0.0,TAGTAATAGTACCTAATGTGNGG,TAGTAATAGTACCTAATGTGNGG,ACTL8,intergenic | 74318bp from ACTL8,NA12878,17901378.0,17901380.0,tgacagggtaaatgttgaaaaacaacccattaggtactatgtttgctacttgggtgatggga,1,0.042
chr2:156541377-,7.0,0.0,GAGCAAATTTACCTAATGTGGAG,0.0,0.0,GAGCAAATTTACCTAATGTGGAG,6.0,0.0,0.0,TAGTAATAGTACCTAATGTGNGG,TAGTAATAGTACCTAATGTGNGG,GPD2,intron,NA12878,156541381.0,156541383.0,AAAAGACTTTTGGGAGCATGTGACTCCTCCACATTAGGTAAATTTGCTCTTGTATCTCTgtt,1,0.042
chr12:129683726+,7.0,0.0,TAGTAATGTACCTGAGGTGGGG,0.0,0.0,TAGTAAT-GTACCTGAGGTGGGG,2.0,1.0,0.0,TAGTAATAGTACCTAATGTGNGG,TAGTAATAGTACCTAATGTGNGG,TMEM132D,intron,NA12878,129683741.0,129683743.0,CACCAACCCAGAATGTAGTAATGTACCTGAGGTGGGGGCGAATTAAACTCTGATGACTGAGA,1,0.042
chr2:108857045-,7.0,0.0,AAGCAATAGTATCTGATATGTGG,0.0,0.0,AAGCAATAGTATCTGATATGTGG,5.0,0.0,0.0,TAGTAATAGTACCTAATGTGNGG,TAGTAATAGTACCTAATGTGNGG,CCDC138,intron,NA12878,108857050.0,108857052.0,CTTTATCTTGTCTGCATGTATAACTCCACATATCAGATACTATTGCtttttttttttttttt,1,0.042
chr2:178120642-,7.0,0.0,TGGTAATAGTTTCTAATATGAGG,0.0,0.0,TGGTAATAGTTTCTAATATGAGG,4.0,0.0,0.0,TAGTAATAGTACCTAATGTGNGG,TAGTAATAGTACCTAATGTGNGG,RBM45,intron,NA12878,178120647.0,178120649.0,AGTTTTCTCTGTTAAGTTACGCATTCCTCATATTAGAAACTATTACCACTGCCACTTTTTTG,1,0.042
chrX:114145353+,7.0,0.0,TTATAATAGTACCTAATGGTTAA,0.0,0.0,TTATAATAGTACCTAATGGTTAA,6.0,0.0,0.0,TAGTAATAGTACCTAATGTGNGG,TAGTAATAGTACCTAATGTGNGG,HTR2C,intergenic | 438721bp from HTR2C,NA12878,114145365.0,114145367.0,GAAGTCATACATTCATGGTTATAATAGTACCTAATGGTTAAATAAAGAGAAACTTGTAGTCA,1,0.042
chr10:69621310-,7.0,0.0,GGATGATAATACCTAATGTGAGG,0.0,0.0,GA-TGATAATACCTAATGTGAGG,3.0,1.0,0.0,TAGTAATAGTACCTAATGTGNGG,TAGTAATAGTACCTAATGTGNGG,FAM241B,intergenic | 8925bp from FAM241B,NA12878,69621315.0,69621319.0,TACTGGATGCCTAAGACCTAttaatcctcacattaggtattatcatccctattttgcacatgag,1,0.042
chr2:192101575-,7.0,0.0,AAATAACAGTACCTAAAGTAGGA,10.0,0.0,AAATAACAGTACCTAAAGTAGGA,6.0,0.0,0.0,TAGTAATAGTACCTAATGTGNGG,TAGTAATAGTACCTAATGTGNGG,TMEFF2,intron,NA12878,192101581.0,192101583.0,TCTCAAAATCTAATAGGGCTTGAATCCTACTTTAGGTACTGTTATTTTATAAAGAACCAAAG,2,0.10300000000000001
chr2:216333975+,7.0,0.0,TAAGAATGATACCTAATGTTGGC,0.0,0.0,TAAGAATGATACCTAATGTTGGC,6.0,0.0,0.0,TAGTAATAGTACCTAATGTGNGG,TAGTAATAGTACCTAATGTGNGG,MARCHF4,intron,NA12878,216333990.0,216333992.0,TTTTTTTTTTTTTTTTAAGAATGATACCTAATGTTGGCTtgataggcagaatagaacatgac,1,0.042
chr1:92005719+,7.0,0.0,GAATAATAATACCTATTGTGAAG,13.0,0.0,GAATAATAATACCTATTGTGAAG,5.0,0.0,0.0,TAGTAATAGTACCTAATGTGNGG,TAGTAATAGTACCTAATGTGNGG,BRDT,intron,NA12878,92005736.0,92005738.0,ctccctaaagtgggaataataatacctattgtgaaggtgaaatgaatgagcatgtattaagc,2,0.121
chr19:14966066-,7.0,0.0,TGTACATTGTACCTAATGTGCAG,17.0,0.0,TGTACATTGTACCTAATGTGCAG,6.0,0.0,0.0,TAGTAATAGTACCTAATGTGNGG,TAGTAATAGTACCTAATGTGNGG,SLC1A6,intron,NA12878,14966071.0,14966073.0,ggggagagtagttagaaattaaaagctgcacattaggtacaatgtacactactagtgggacg,2,0.145
chr11:18515637-,7.0,0.0,GGATAATAGTACCTAACTTGGGG,0.0,0.0,TGGATAATAGTACCTAACTTGGGG,3.0,0.0,1.0,TAGTAATAGTACCTAATGTGNGG,TAG-TAATAGTACCTAATGTGNGG,TSG101,intron,NA12878,18515642.0,18515645.0,tcattatctaataaatgctcacttcccccaagttaggtactattatccaaatgtcaaagatat,1,0.042
chr2:72848386-,7.0,0.0,TATTCCTAGTACCTAATATCTGG,0.0,0.0,TATTCCTAGTACCTAATATCTGG,5.0,0.0,0.0,TAGTAATAGTACCTAATGTGNGG,TAGTAATAGTACCTAATGTGNGG,EXOC6B,intergenic | 22364bp from EXOC6B,NA12878,72848391.0,72848393.0,aaacgtattgaataccatctatgtgccagatattaggtactaggaatatgagaagaggagat,1,0.042
chr12:115158068+,7.0,0.0,AAATCCTGGTACCTAATGTTGGG,30.0,0.0,AAATCCTGGTACCTAATGTTGGG,6.0,0.0,0.0,TAGTAATAGTACCTAATGTGNGG,TAGTAATAGTACCTAATGTGNGG,TBX3-AS1,intergenic | 390091bp from TBX3-AS1,NA12878,115158084.0,115158086.0,CGATGGATGCTTCTAAATCCTGGTACCTAATGTTGGGTACACTCCAGTTTCTCAATAAATTC,2,0.22399999999999998
chr10:80812655-,7.0,0.0,TAGGACTAATACCTAATGCATGA,0.0,0.0,TAGGACTAATACCTAATGCATGA,6.0,0.0,0.0,TAGTAATAGTACCTAATGTGNGG,TAGTAATAGTACCTAATGTGNGG,LINC02655,intergenic | 158932bp from LINC02655,NA12878,80812660.0,80812662.0,acccatcatctaggttttaagcccctcatgcattaggtattagtcctaatgctgtccctccc,1,0.042
chr10:4746475-,6.0,0.0,AAGTAATAAAACCTAATAAGTGG,0.0,0.0,AAGTAATAAAACCTAATAAGTGG,5.0,0.0,0.0,TAGTAATAGTACCTAATGTGNGG,TAGTAATAGTACCTAATGTGNGG,MANCR,intergenic | 68416bp from MANCR,NA12878,4746480.0,4746482.0,TTTATGCTCTTAAAAAAATACAAATCCACTTATTAGGTTTTATTACTTGTTAACATATCTTG,1,0.036000000000000004
chr1:61204432+,6.0,0.0,TAAAGGTAGTACCTAATGTGAGA,0.0,0.0,TAAAGGTAGTACCTAATGTGAGA,5.0,0.0,0.0,TAGTAATAGTACCTAATGTGNGG,TAGTAATAGTACCTAATGTGNGG,NFIA,intron,NA12878,61204448.0,61204450.0,GATGTAAATGACCCTAAAGGTAGTACCTAATGTGAGATGCAGCAGGAGGGACCtttatattt,1,0.036000000000000004
chr13:61677815-,6.0,0.0,TAGGAGAAATACCTAATGTAGGT,0.0,0.0,TAGGAGAAATACCTAATGTAGGT,6.0,0.0,0.0,TAGTAATAGTACCTAATGTGNGG,TAGTAATAGTACCTAATGTGNGG,LINC02339,intergenic | 249880bp from LINC02339,NA12878,61677821.0,61677823.0,gtctgctgcacccatcaacccgtcacctacattaggtatttctcctaatactatccctcctc,1,0.036000000000000004
chrX:23729075-,6.0,0.0,AATTAATAAGTACCTTATGTGGGG,0.0,0.0,AATTAATAAGTACCTTATGTGGGG,3.0,0.0,1.0,TAGTAATAGTACCTAATGTGNGG,TAGTAATA-GTACCTAATGTGNGG,ACOT9,intron,NA12878,23729081.0,23729083.0,gtctcaaagttacctgccacccccccccacataaggtacttattaattacaaaggggaaaag,1,0.036000000000000004
chr5:64249132+,6.0,0.0,TAGGAGAAATACCTAATGTAGGT,0.0,0.0,TAGGAGAAATACCTAATGTAGGT,6.0,0.0,0.0,TAGTAATAGTACCTAATGTGNGG,TAGTAATAGTACCTAATGTGNGG,RNF180,intron,NA12878,64249147.0,64249149.0,atggagggatagcgttaggagaaatacctaatgtaggtgacgggttaattggtgcagcaaat,1,0.036000000000000004
chr5:72054974+,6.0,0.0,TAGGAGAAATACCTAATGTAGGT,0.0,0.0,TAGGAGAAATACCTAATGTAGGT,6.0,0.0,0.0,TAGTAATAGTACCTAATGTGNGG,TAGTAATAGTACCTAATGTGNGG,MAP1B,intergenic | 52489bp from MAP1B,NA12878,72054990.0,72054991.0,aggagggatagcattaggagaaatacctaatgtaggtgacgggttgatgggtgcagcaaac,1,0.036000000000000004
chrX:81170851-,6.0,0.0,CAATAATAGTACCTAATGTGCAG,23.0,0.0,CAATAATAGTACCTAATGTGCAG,3.0,0.0,0.0,TAGTAATAGTACCTAATGTGNGG,TAGTAATAGTACCTAATGTGNGG,HMGN5,intron,NA12878,81170856.0,81170858.0,atctcactcaatccttccagcaaccctgcacattaggtactattattgccattttgtagatg,2,0.17500000000000002
chr14:21310283+,6.0,0.0,AAGTAACAGTACCTAATTTAAGA,0.0,0.0,AAGTAACAGTACCTAATTTAAGA,5.0,0.0,0.0,TAGTAATAGTACCTAATGTGNGG,TAGTAATAGTACCTAATGTGNGG,RPGRIP1,intron,NA12878,21310298.0,21310300.0,TTTCTGAAGTGTGCTAAGTAACAGTACCTAATTTAAGATTAAACATTTTTCTTGGATAATCC,1,0.036000000000000004
chr10:76532136-,6.0,0.0,TAGGAGAAATACCTAATGTAGGT,0.0,0.0,TAGGAGAAATACCTAATGTAGGT,6.0,0.0,0.0,TAGTAATAGTACCTAATGTGNGG,TAGTAATAGTACCTAATGTGNGG,LRMDA,intron,NA12878,76532142.0,76532144.0,ttttgctgcacccatcaacccgtcacctacattaggtatttctcctaatgctatccctcccc,1,0.036000000000000004
chr8:63617598+,6.0,0.0,TGAGCATAGTACCTAATATGTAG,27.0,0.0,TGAGCATAGTACCTAATATGTAG,6.0,0.0,0.0,TAGTAATAGTACCTAATGTGNGG,TAGTAATAGTACCTAATGTGNGG,LOC102724612,intergenic | 142127bp from LOC102724612,NA12878,63617614.0,63617616.0,tcatcaccaggtactgagcatagtacctaatatgtagactttcagctcctgcccccatccct,2,0.199
chr6:120896179-,6.0,0.0,TGTACATTGTACCTAATGTGTAG,0.0,0.0,TGTACATTGTACCTAATGTGTAG,6.0,0.0,0.0,TAGTAATAGTACCTAATGTGNGG,TAGTAATAGTACCTAATGTGNGG,TBC1D32,intergenic | 183303bp from TBC1D32,NA12878,120896184.0,120896186.0,gtgggataggggcagagacaaaaagctacacattaggtacaatgtacactactcgggtgaca,1,0.036000000000000004
chr6:126943213-,6.0,0.0,TAATATTTATACCTAATGTTGGC,10.0,0.0,TAATATTTATACCTAATGTTGGC,6.0,0.0,0.0,TAGTAATAGTACCTAATGTGNGG,TAGTAATAGTACCTAATGTGNGG,RSPO3,intergenic | 175446bp from RSPO3,NA12878,126943219.0,126943222.0,TTTCTCACTTAGTATTTTTTTCTGGCCAACATTAGGTATAAATATTAATGATTTTATTTTAAA,2,0.097
chrX:128154203-,6.0,0.0,TGTACATTGTACCTAATGTGTAG,0.0,0.0,TGTACATTGTACCTAATGTGTAG,6.0,0.0,0.0,TAGTAATAGTACCTAATGTGNGG,TAGTAATAGTACCTAATGTGNGG,ACTRT1,intergenic | 101811bp from ACTRT1,NA12878,128154208.0,128154210.0,tgggagggaggccaaggataaaaagctacacattaggtacaatgtacactactcaggtgatg,1,0.036000000000000004
chrX:120465802-,6.0,0.0,TTGTAAAGTACCTAATATGTAG,0.0,0.0,TTGTAA-AGTACCTAATATGTAG,3.0,1.0,0.0,TAGTAATAGTACCTAATGTGNGG,TAGTAATAGTACCTAATGTGNGG,LAMP2,intron,NA12878,120465807.0,120465809.0,actttacaaatatttattgaTTTAGCTACATATTAGGTACTTTACAAATATTTATTAAGTTT,1,0.036000000000000004
chr10:94873938-,6.0,0.0,TATTCAGAGTAACTAATGTTTGG,0.0,0.0,TATTCAGAGTAACTAATGTTTGG,5.0,0.0,0.0,TAGTAATAGTACCTAATGTGNGG,TAGTAATAGTACCTAATGTGNGG,CYP2C19,intergenic | 18402bp from CYP2C19,NA12878,94873943.0,94873945.0,AATTTTATGAAAACAGAACAAACCCCCAAACATTAGTTACTCTGAATACACACCACATTGAT,1,0.036000000000000004
chr6:83351604-,6.0,0.0,TAATAATAGTACTTGACATTTGG,0.0,0.0,TAATAATAGTACTTGACATTTGG,6.0,0.0,0.0,TAGTAATAGTACCTAATGTGNGG,TAGTAATAGTACCTAATGTGNGG,ME1,intron,NA12878,83351609.0,83351610.0,GTAAAAAGTCTCATTCAGAATGCTACCAAATGTCAAGTACTATTATTACTTTTATTTTCAT,1,0.036000000000000004
chr11:116399728+,6.0,0.0,TGATAATAGTAGCTAATGGTGGC,0.0,0.0,TGATAATAGTAGCTAATG-GTGG,3.0,1.0,0.0,TAGTAATAGTACCTAATGTGNGG,TAGTAATAGTACCTAATGTGNGG,LINC02151,intergenic | 97159bp from LINC02151,NA12878,116399743.0,116399745.0,ataataggagctaggtgataatagtagctaatggtggctaatagttggtattgataatagtt,1,0.036000000000000004
chr13:111006376+,6.0,0.0,TAATAATAATTCCTAATATGTGA,0.0,0.0,TAATAATAATTCCTAATATGTGA,5.0,0.0,0.0,TAGTAATAGTACCTAATGTGNGG,TAGTAATAGTACCTAATGTGNGG,LINC00431,intergenic | 15785bp from LINC00431,NA12878,111006392.0,111006394.0,ATGTATTAAAGTACTAATAATAATTCCTAATATGTGACTAAACTGATTTATGACATTAGTGT,1,0.036000000000000004
chr7:18091896-,6.0,0.0,TTGTAACAGTACCTATGAGAGG,0.0,0.0,TTGTAACAGTACCTA-TGAGAGG,3.0,1.0,0.0,TAGTAATAGTACCTAATGTGNGG,TAGTAATAGTACCTAATGTGNGG,HDAC9,intron,NA12878,18091902.0,18091903.0,tgctgttattctttgccatgtggccctctcataggtactgttacaacatggcatcttactt,1,0.036000000000000004
chr7:67876453+,6.0,0.0,TAAGCATAGTACCTGATAGGTGG,0.0,0.0,TAAGCATAGTACCTGATAGGTGG,6.0,0.0,0.0,TAGTAATAGTACCTAATGTGNGG,TAGTAATAGTACCTAATGTGNGG,LOC102723427,intergenic | 143788bp from LOC102723427,NA12878,67876469.0,67876471.0,caccacttaggtaataagcatagtacctgataggtggttttccaatcctcaccccaccccta,1,0.036000000000000004
chr9:90428443+,6.0,0.0,ATCTACTAGTAACTAATCTGTGG,0.0,0.0,ATCTACTAGTAACTAATCTGTGG,6.0,0.0,0.0,TAGTAATAGTACCTAATGTGNGG,TAGTAATAGTACCTAATGTGNGG,LINC01508,non-coding RNA,NA12878,90428459.0,90428461.0,TAATTTAGCACATGATCTACTAGTAACTAATCTGTGGTATTTGCATTTAGACTATAGACAGG,1,0.036000000000000004
chr9:119699372+,6.0,0.0,CCATCATAGTACCTAATATGAAG,33.0,0.0,CCATCATAGTACCTAATATGAAG,6.0,0.0,0.0,TAGTAATAGTACCTAATGTGNGG,TAGTAATAGTACCTAATGTGNGG,LINC01613,intergenic | 235676bp from LINC01613,NA12878,119699388.0,119699390.0,CTATCATGTTTAGACCATCATAGTACCTAATATGAAGCTCTCTGGAAGAGATCCCATGGAGG,2,0.23600000000000002
chr8:4817947-,6.0,0.0,TTTTAACTGTACCTAATGCTAGG,0.0,0.0,TTTTAACTGTACCTAATGCTAGG,6.0,0.0,0.0,TAGTAATAGTACCTAATGTGNGG,TAGTAATAGTACCTAATGTGNGG,CSMD1,intron,NA12878,4817952.0,4817954.0,AAACATTATATTTTAATCTGTCTACCCTAGCATTAGGTACAGTTAAAAAGTTAAATTTCACA,1,0.036000000000000004
chr1:66172062+,6.0,0.0,TGAGTATAGTACCTAATGGGTTG,0.0,0.0,GAGTA-TAGTACCTAATGGGTTG,3.0,1.0,0.0,TAGTAATAGTACCTAATGTGNGG,TAGTAATAGTACCTAATGTGNGG,PDE4B,intron,NA12878,66172075.0,66172077.0,tcccatcatgcaggtaatgagtatagtacctaatgggttgttttccagctctacccttatcc,1,0.036000000000000004
chr3:164443238+,6.0,0.0,GTGAAATAGTACCTAATGTAAAG,0.0,0.0,T-GAAATAGTACCTAATGTAAAG,3.0,1.0,0.0,TAGTAATAGTACCTAATGTGNGG,TAGTAATAGTACCTAATGTGNGG,LINC01324,intergenic | 270845bp from LINC01324,NA12878,164443253.0,164443255.0,TTATATGTAAACTGTGTGAAATAGTACCTAATGTAAAGTATTTTGGTAAATATTAATTGGTA,1,0.036000000000000004
chr18:6562077-,6.0,0.0,TAGTAATAGTACCTATGGCCTAT,0.0,0.0,TAGTAATAGTACCTATGGCCTAT,6.0,0.0,0.0,TAGTAATAGTACCTAATGTGNGG,TAGTAATAGTACCTAATGTGNGG,LINC01387,non-coding RNA,NA12878,6562087.0,6562089.0,ggtgtatgattacactacccataggccataggtactattactatttccatttcacagatgag,1,0.036000000000000004
chr16:56518518-,6.0,0.0,TAATAATAGTACCTAATACGTGG,20.0,0.0,TAATAATAGTACCTAATACGTGG,3.0,0.0,0.0,TAGTAATAGTACCTAATGTGNGG,TAGTAATAGTACCTAATGTGNGG,BBS2,intron,NA12878,56518523.0,56518526.0,attaacttttttaaagctcatgaccccacgtattaggtactattattaagtgccttgcccaag,2,0.157
chr17:55396285-,6.0,0.0,AGATAATAGTACCTAATTTAGGG,10.0,0.0,GAGATAATAGTACCTAATTTAGGG,3.0,0.0,1.0,TAGTAATAGTACCTAATGTGNGG,TAG-TAATAGTACCTAATGTGNGG,MMD,intron,NA12878,55396291.0,55396293.0,ttattcatttaatcttcacaacgaccctaaattaggtactattatctccattatacagatga,2,0.097
chr4:119182928+,6.0,0.0,AAGTAATAGAATCAAATTTGTAG,0.0,0.0,AAGTAATAGAATCAAATTTGTAG,6.0,0.0,0.0,TAGTAATAGTACCTAATGTGNGG,TAGTAATAGTACCTAATGTGNGG,MYOZ2,intron,NA12878,119182944.0,119182946.0,TTTAATTGAAACGAAAGTAATAGAATCAAATTTGTAGCAGACTATACATATTTATGTTTTAA,1,0.036000000000000004
chr3:165094223-,6.0,0.0,TAGGAGAAATACCTAATGTAGGT,0.0,0.0,TAGGAGAAATACCTAATGTAGGT,6.0,0.0,0.0,TAGTAATAGTACCTAATGTGNGG,TAGTAATAGTACCTAATGTGNGG,SI,intergenic | 15738bp from SI,NA12878,165094229.0,165094231.0,gtttgctgaacccatcaacctgtcacctacattaggtatttctcctaatgctatccctcccc,1,0.036000000000000004
chr18:42916545-,6.0,0.0,AAGTAAAAGTAACTAATCTGGGT,0.0,0.0,AAGTAAAAGTAACTAATCTGGGT,5.0,0.0,0.0,TAGTAATAGTACCTAATGTGNGG,TAGTAATAGTACCTAATGTGNGG,RIT2,intron,NA12878,42916551.0,42916553.0,tatcagaaagctccctgggccttcacccagattagttacttttacttttcacacaattcgta,1,0.036000000000000004
chr10:101633119+,6.0,0.0,TAGTAATAGTACCTAGGCATTGG,0.0,0.0,TAGTAATAGTACCTAGGCATTGG,5.0,0.0,0.0,TAGTAATAGTACCTAATGTGNGG,TAGTAATAGTACCTAATGTGNGG,FBXW4,intron,NA12878,101633129.0,101633130.0,tcttcttcataagacagaaatagtaatagtacctaggcattggcttgttataaaaattata,1,0.036000000000000004
chr3:132187421-,6.0,0.0,TAGTAATAGTAGATCCTAAGTGG,0.0,0.0,TAGTAATAGTAGATCCTAAGTGG,6.0,0.0,0.0,TAGTAATAGTACCTAATGTGNGG,TAGTAATAGTACCTAATGTGNGG,ACP3,intergenic | 129974bp from ACP3,NA12878,132187425.0,132187427.0,AATTATTATTAATTATTCTAGCTTGCCCACTTAGGATCTACTATTACTATGGGAAGGCAGGT,1,0.036000000000000004
chr21:36601650-,6.0,0.0,TGTACATTGTACCTAATGTGTAG,0.0,0.0,TGTACATTGTACCTAATGTGTAG,6.0,0.0,0.0,TAGTAATAGTACCTAATGTGNGG,TAGTAATAGTACCTAATGTGNGG,CLDN14,intergenic | 25092bp from CLDN14,NA12878,36601655.0,36601657.0,ggggagggaggccagggataaaaaactacacattaggtacaatgtacactactcaggtgatg,1,0.036000000000000004
chr2:130310679-,6.0,0.0,TAATAATACTACCTAACATGGAG,0.0,0.0,TAATAATACTACCTAACATGGAG,5.0,0.0,0.0,TAGTAATAGTACCTAATGTGNGG,TAGTAATAGTACCTAATGTGNGG,CCDC115,intergenic | 27242bp from CCDC115,NA12878,130310684.0,130310686.0,tccctccttgaatctccacacaactctccatgttaggtagtattattacctttatatcccca,1,0.036000000000000004
chr1:227288109+,6.0,0.0,TAGTAAAGCACCTAACATGGGG,43.0,0.0,TAGTAA-AGCACCTAACATGGGG,3.0,1.0,0.0,TAGTAATAGTACCTAATGTGNGG,TAGTAATAGTACCTAATGTGNGG,CDC42BPA,intron,NA12878,227288124.0,227288126.0,tcccatcagtcctcctagtaaagcacctaacatggggatggtctgtgggatcccaaacataC,2,0.296
chr3:38730059+,6.0,0.0,GAGCATTAGTAACTAGTATGGGG,0.0,0.0,GAGCATTAGTAACTAGTATGGGG,6.0,0.0,0.0,TAGTAATAGTACCTAATGTGNGG,TAGTAATAGTACCTAATGTGNGG,SCN10A,intron,NA12878,38730075.0,38730077.0,CACAAATAAAAACTGAGCATTAGTAACTAGTATGGGGAGCAGGAAACGTAGTCCATGGCCTG,1,0.036000000000000004
chr3:168031239+,0.0,0.0,AAGGAATAAGACCTAATGTTTGG,10.0,0.0,AAGGAATAAGACCTAATGTTTGG,5.0,0.0,0.0,TAGTAATAGTACCTAATGTGNGG,TAGTAATAGTACCTAATGTGNGG,GOLIM4,intron,NA12878,168031255.0,168031257.0,atatagttagagagaaggaataagacctaatgtttggtagttcagtagggtgactacgatta,1,0.06
chr7:130410814+,0.0,0.0,GTCTCATAGTACTTAATGTGTAG,30.0,21.0,GTCTCATAGTACTTAATGTGTAG,6.0,0.0,0.0,TAGTAATAGTACCTAATGTGNGG,TAGTAATAGTACCTAATGTGNGG,CEP41,intron,NA12878,130410830.0,130410832.0,tgttcacctctgcagtctcatagtacttaatgtgtaggtacaaagaatgctaaaaatatttg,1,0.181
chr5:73456454+,0.0,0.0,TGAAAATAGTACCTAATATGCGG,60.0,0.0,TGAAAATAGTACCTAATATGCGG,4.0,0.0,0.0,TAGTAATAGTACCTAATGTGNGG,TAGTAATAGTACCTAATGTGNGG,LINC01386,non-coding RNA,NA12878,73456470.0,73456472.0,catcacccaaatagtgaaaatagtacctaatatgcggtttttcaacccttgccctcttccct,1,0.363
chr4:183435897+,0.0,0.0,TAGTATTAATACCTAAGGGGGCT,20.0,0.0,TAGTATTAATACCTAAGGGGGCT,6.0,0.0,0.0,TAGTAATAGTACCTAATGTGNGG,TAGTAATAGTACCTAATGTGNGG,CDKN2AIP,intergenic | 8727bp from CDKN2AIP,NA12878,183435910.0,183435911.0,AATTAAAAATCAGCCTGTAGTATTAATACCTAAGGGGGCTTTGGCAGATATGGCTAAGGAT,1,0.121
chr15:76942968-,0.0,0.0,TAGTATATGTACCTAATATTTGG,13.0,0.0,TAGTATATGTACCTAATATTTGG,5.0,0.0,0.0,TAGTAATAGTACCTAATGTGNGG,TAGTAATAGTACCTAATGTGNGG,RCN2,intron,NA12878,76942973.0,76942975.0,CCACCCCCCAAAAAAGAAAAGATTTCCAAATATTAGGTACATATACTAATATTATGAGATTC,1,0.079
chr5:138372334+,0.0,0.0,TAGTATAGTACCTTATATATGG,23.0,0.0,TAGTA-TAGTACCTTATATATGG,3.0,1.0,0.0,TAGTAATAGTACCTAATGTGNGG,TAGTAATAGTACCTAATGTGNGG,KDM3B,intron,NA12878,138372348.0,138372351.0,tctgtattcctgaacctagtatagtaccttatatatggtaagccctcagctagtatgtgtaga,1,0.13899999999999998
chr4:100440346+,0.0,0.0,TGTATATTGTACCTAATGTGCAG,13.0,0.0,TGTATATTGTACCTAATGTGCAG,6.0,0.0,0.0,TAGTAATAGTACCTAATGTGNGG,TAGTAATAGTACCTAATGTGNGG,EMCN,intron,NA12878,100440362.0,100440364.0,tgtcacctgagtagtgtatattgtacctaatgtgcagtttgtattcctagcctcactcccac,1,0.079
chr6:113406595+,0.0,0.0,TACTAGTAGTACCTCCTGGGAGC,10.0,0.0,TACTAGTAGTACCTCCTGGGAGC,6.0,0.0,0.0,TAGTAATAGTACCTAATGTGNGG,TAGTAATAGTACCTAATGTGNGG,LINC02518,intergenic | 21933bp from LINC02518,NA12878,113406595.0,113406597.0,ATCGCTAACTCAGTGGTTGCTTCTCACTAGTACTAGTAGTACCTCCTGGGAGCAAGAAACAG,1,0.06
chr5:17226458+,0.0,0.0,TAGTAACAAGATCTAATGGGGGA,10.0,0.0,TAGTAACAAGATCTAATGGGGGA,6.0,0.0,0.0,TAGTAATAGTACCTAATGTGNGG,TAGTAATAGTACCTAATGTGNGG,BASP1,intron,NA12878,17226473.0,17226475.0,AATAACCAAGGTAAATAGTAACAAGATCTAATGGGGGAAATAGTGTATCAAAAGGGGGAAAA,1,0.06
chr11:32576798-,0.0,0.0,AAGTAATAGAACCTAAAATTTGG,63.0,0.0,AAGTAATAGAACCTAAAATTTGG,5.0,0.0,0.0,TAGTAATAGTACCTAATGTGNGG,TAGTAATAGTACCTAATGTGNGG,EIF3M,intergenic | 7021bp from EIF3M,NA12878,32576803.0,32576805.0,cctgacttctttcactaagccaatgccaaattttaggttctattacttaaagcactccactt,1,0.381
chr1:167846405+,0.0,0.0,TTTGTTTAGTACCTAATTTGTGG,60.0,0.0,TTGTT-TAGTACCTAATTTGTGG,3.0,1.0,0.0,TAGTAATAGTACCTAATGTGNGG,TAGTAATAGTACCTAATGTGNGG,ADCY10,intron,NA12878,167846421.0,167846423.0,AGTCAAAAGAAGTATTTGTTTAGTACCTAATTTGTGGATAGCACTTGTGCTGGGAGTACTAA,1,0.363
chr9:136523283-,0.0,0.0,ATGTGATAGCACCTAAGGTGGAG,60.0,0.0,ATGTGATAGCACCTAAGGTGGAG,6.0,0.0,0.0,TAGTAATAGTACCTAATGTGNGG,TAGTAATAGTACCTAATGTGNGG,NOTCH1,intron,NA12878,136523288.0,136523290.0,GGCCACCTGGAGGTGCCAGCCTGGGCTCCACCTTAGGTGCTATCACATTTGATCCTCAGGAC,1,0.363
chr4:14191141-,0.0,0.0,TAGGACAAATACCTAATGTAGGT,57.0,0.0,TAGGACAAATACCTAATGTAGGT,6.0,0.0,0.0,TAGTAATAGTACCTAATGTGNGG,TAGTAATAGTACCTAATGTGNGG,LINC01085,intergenic | 51100bp from LINC01085,NA12878,14191147.0,14191149.0,gtttgctgcaccaaacaacccgtcacctacattaggtatttgtcctaatgctacccctcccc,1,0.344
chr7:114039213+,0.0,0.0,TAAACATAGTACCTAATAGGTAG,50.0,0.0,TAAACATAGTACCTAATAGGTAG,6.0,0.0,0.0,TAGTAATAGTACCTAATGTGNGG,TAGTAATAGTACCTAATGTGNGG,FOXP2,intergenic | 47102bp from FOXP2,NA12878,114039226.0,114039228.0,ttccatcacccaggtaataaacatagtacctaataggtagtttttcagtcctctccatcctc,1,0.302
chr5:112039397+,0.0,0.0,TAGTAGATATACCTAATGTAGGT,50.0,0.0,TAGTAGATATACCTAATGTAGGT,6.0,0.0,0.0,TAGTAATAGTACCTAATGTGNGG,TAGTAATAGTACCTAATGTGNGG,NREP-AS1,intergenic | 22102bp from NREP-AS1,NA12878,112039412.0,112039414.0,gggcagggatagcattagtagatatacctaatgtaggtgatgggttgataggtacagcaaac,1,0.302
chr3:107409094-,0.0,0.0,GACACATAGCACCAAATGTGGGG,47.0,0.0,GACACATAGCACCAAATGTGGGG,6.0,0.0,0.0,TAGTAATAGTACCTAATGTGNGG,TAGTAATAGTACCTAATGTGNGG,LINC01990,intergenic | 21824bp from LINC01990,NA12878,107409099.0,107409101.0,CCCAAAAGCCAGAGCCACTGTATGCCCCCACATTTGGTGCTATGTGTCTCTAGATCCAGTGC,1,0.28400000000000003
chr9:69583880+,0.0,0.0,GGATAATGGTACCTAATGTGAAG,47.0,0.0,TGGATAATGGTACCTAATGTGAAG,3.0,0.0,1.0,TAGTAATAGTACCTAATGTGNGG,TAG-TAATAGTACCTAATGTGNGG,APBA1,intron,NA12878,69583896.0,69583899.0,catctcttgaatgtggataatggtacctaatgtgaaggcatgagatgaggattcaagggcgta,1,0.28400000000000003
chr5:38527454+,0.0,0.0,TAGTAACTTTACCAATGTGGGG,43.0,0.0,TAGTAACTTTACC-AATGTGGGG,3.0,1.0,0.0,TAGTAATAGTACCTAATGTGNGG,TAGTAATAGTACCTAATGTGNGG,LIFR,intron,NA12878,38527468.0,38527471.0,TGAAAAAACAGATTGATAGTAACTTTACCAATGTGGGGGTAGGAAAAACAACCTCATTGTACC,1,0.26
chr10:71590604+,0.0,0.0,CAGTGGTAGTACCAAATGTCAGC,43.0,0.0,CAGTGGTAGTACCAAATGTCAGC,6.0,0.0,0.0,TAGTAATAGTACCTAATGTGNGG,TAGTAATAGTACCTAATGTGNGG,CDH23,intron,NA12878,71590619.0,71590621.0,ttttctttataatgacagtggtagtaccaaatgtcagcaaaagcaatttagttgagattgaa,1,0.26
chr6:163663219+,0.0,0.0,TAATAATAGTACCTACAACGAGG,43.0,0.0,TAATAATAGTACCTACAACGAGG,5.0,0.0,0.0,TAGTAATAGTACCTAATGTGNGG,TAGTAATAGTACCTAATGTGNGG,LOC102724152,intergenic | 1135bp from LOC102724152,NA12878,163663235.0,163663237.0,ctgagaatggtagctaataatagtacctacaacgaggattcgattagtccttcccagaaagc,1,0.26
chr14:36393890+,0.0,0.0,CAGTAATAGTACCTATAAGGGAG,40.0,0.0,CAGTAATAGTACCTATAAGGGAG,6.0,0.0,0.0,TAGTAATAGTACCTAATGTGNGG,TAGTAATAGTACCTAATGTGNGG,MBIP,intergenic | 73264bp from MBIP,NA12878,36393907.0,36393908.0,gtagggatgctgtcagtaatagtacctataagggagtgagggaggcaggatggggcagaag,1,0.242
chr16:35294115+,0.0,0.0,TTGTATTAGGTACCTAAGGTGTGG,37.0,0.0,TTGTATTAGGTACCTAAGGTGTGG,3.0,0.0,1.0,TAGTAATAGTACCTAATGTGNGG,TAGTAATAG-TACCTAATGTGNGG,LOC105371200,intergenic | 49417bp from LOC105371200,NA12878,35294132.0,35294134.0,TTGTCTATAGGGTTTGTATTAGGTACCTAAGGTGTGGCCTTGGGTTTGTGAAAGAGGATTTG,1,0.22399999999999998
chr2:176045370+,0.0,0.0,AAAAAGTAATACCTAGTGTGTGG,37.0,0.0,AAAAAGTAATACCTAGTGTGTGG,6.0,0.0,0.0,TAGTAATAGTACCTAATGTGNGG,TAGTAATAGTACCTAATGTGNGG,EVX2,intergenic | 32090bp from EVX2,NA12878,176045386.0,176045388.0,aatcagaaggaagaaaaaagtaatacctagtgtgtggctccctgtgagaaacaaatgagttc,1,0.22399999999999998
chr11:7174760+,0.0,0.0,TAGGAAAAATACCTAATGTAGGT,37.0,0.0,TAGGAAAAATACCTAATGT-AGG,3.0,1.0,0.0,TAGTAATAGTACCTAATGTGNGG,TAGTAATAGTACCTAATGTGNGG,MIR302E,intergenic | 59994bp from MIR302E,NA12878,7174775.0,7174777.0,ggggagggatagcattaggaaaaatacctaatgtaggtgacgggttgatggatgcagcaaac,1,0.22399999999999998
chr4:179410041-,0.0,0.0,AAGTAATAGTCCCTAAGGGGGTG,33.0,0.0,AAGTAATAGTCCCTAAGGGGGTG,5.0,0.0,0.0,TAGTAATAGTACCTAATGTGNGG,TAGTAATAGTACCTAATGTGNGG,LINC01098,intergenic | 1419302bp from LINC01098,NA12878,179410045.0,179410047.0,TGGATATACAGTCTCACACAGGTTGCCACCCCCTTAGGGACTATTACTTTGTACTAAATGTT,1,0.199
chr12:87556689-,0.0,0.0,TGTACATTGTACCTAATGTGTAG,33.0,0.0,TGTACATTGTACCTAATGTGTAG,6.0,0.0,0.0,TAGTAATAGTACCTAATGTGNGG,TAGTAATAGTACCTAATGTGNGG,LINC02258,intergenic | 212111bp from LINC02258,NA12878,87556694.0,87556696.0,gggaggggggccagggatacaaaaactacacattaggtacaatgtacacgacgtgggtgaca,1,0.199
chrX:139704822-,0.0,0.0,TAGGAATAGCACTGAATCTGTAG,30.0,0.0,TAGGAATAGCACTGAATCTGTAG,6.0,0.0,0.0,TAGTAATAGTACCTAATGTGNGG,TAGTAATAGTACCTAATGTGNGG,MCF2,intron,NA12878,139704827.0,139704829.0,aaatggccatactgcccaaagcaatctacagattcagtgctattcctatcaaactgctaatg,1,0.181
chr21:17520762+,0.0,0.0,TAGTAGTGGAACCTGATGTCTGG,30.0,0.0,TAGTAGTGGAACCTGATGTCTGG,5.0,0.0,0.0,TAGTAATAGTACCTAATGTGNGG,TAGTAATAGTACCTAATGTGNGG,CXADR,intron,NA12878,17520778.0,17520780.0,TTTTCTGAAGAAGATAGTAGTGGAACCTGATGTCTGGTTGCTTGAATGAGTAGCATGAAAAA,1,0.181
chr6:144160602-,0.0,0.0,TATTCTTAGTACTTAATGTAGAG,27.0,0.0,TATTCTTAGTACTTAATGTAGAG,6.0,0.0,0.0,TAGTAATAGTACCTAATGTGNGG,TAGTAATAGTACCTAATGTGNGG,STX11,intron,NA12878,144160607.0,144160609.0,ACATGTGCATATTTAACCTATGAACCTCTACATTAAGTACTAAGAATACCAAACATTTGGCT,1,0.163
chr1:67834118-,0.0,0.0,AAGGAATAGTACAAAATCTGTGG,27.0,0.0,AAGGAATAGTACAAAATCTGTGG,5.0,0.0,0.0,TAGTAATAGTACCTAATGTGNGG,TAGTAATAGTACCTAATGTGNGG,GNG12-AS1,non-coding RNA,NA12878,67834123.0,67834125.0,GTAAATGGAGGAGCCATTTCCGCTTCCACAGATTTTGTACTATTCCTTTGGCcattcgacag,1,0.163
chrX:110968480-,0.0,0.0,TTGTGACAGTACCAAATGTTGGC,27.0,0.0,TTGTGACAGTACCAAATGTTGGC,6.0,0.0,0.0,TAGTAATAGTACCTAATGTGNGG,TAGTAATAGTACCTAATGTGNGG,PAK3,intron,NA12878,110968486.0,110968488.0,gtgatccaatttctctacatctttgccaacatttggtactgtcacaaattttttacttcaac,1,0.163
chr3:146500671-,0.0,0.0,TAGTAATAGTAAATAATGTAAGG,27.0,0.0,TAGTAATAGTAAATAATGTAAGG,3.0,0.0,0.0,TAGTAATAGTACCTAATGTGNGG,TAGTAATAGTACCTAATGTGNGG,PLSCR2,intergenic | 4691bp from PLSCR2,NA12878,146500676.0,146500679.0,TAGTGTTTTGATTGGCCCTCCTCTTCCttacattatttactattactatgtcactaatagtta,1,0.163
chr1:170788184-,0.0,0.0,TAAGCATAGTACCCAATGTGTAG,27.0,0.0,TAAGCATAGTACCCAATGTGTAG,5.0,0.0,0.0,TAGTAATAGTACCTAATGTGNGG,TAGTAATAGTACCTAATGTGNGG,PRRX1,intergenic | 48774bp from PRRX1,NA12878,170788189.0,170788191.0,tgggaggagggagagaattagataactacacattgggtactatgcttattacctaggtgatg,1,0.163
chrX:82397111+,0.0,0.0,TAGTAGAAATACCTAATGTAGAT,27.0,0.0,TAGTAGAAATACCTAATGTAGAT,6.0,0.0,0.0,TAGTAATAGTACCTAATGTGNGG,TAGTAATAGTACCTAATGTGNGG,EIF3JP1,intergenic | 99693bp from EIF3JP1,NA12878,82397125.0,82397127.0,cggggaggaatagcattagtagaaatacctaatgtagatgacgggttgatgcatgcagcaaa,1,0.163
chr11:57398206-,0.0,0.0,CACTATAACTAACTAATGTGTGG,27.0,0.0,CACTATAACTAACTAATGTGTGG,6.0,0.0,0.0,TAGTAATAGTACCTAATGTGNGG,TAGTAATAGTACCTAATGTGNGG,PRG2,intergenic | 7567bp from PRG2,NA12878,57398211.0,57398213.0,atccttcacccctcctgcccatcatccacacattagttagttatagtgctttcttcaccatc,1,0.163
chr17:13163911+,0.0,0.0,ACATAGTATTACCTAATGTGGTG,27.0,0.0,ACATAGTATTACCTAATGTGGTG,6.0,0.0,0.0,TAGTAATAGTACCTAATGTGNGG,TAGTAATAGTACCTAATGTGNGG,LINC02093,intergenic | 135258bp from LINC02093,NA12878,13163928.0,13163930.0,atttttaacagctacatagtattacctaatgtggtggttttaaaatttgtccacaaattctt,1,0.163
chr1:101767293+,0.0,0.0,TAGTAGAAATACCTAATGTAGAG,27.0,0.0,TAGTAGAAATACCTAATGTAGAGG,3.0,0.0,1.0,TAGTAATAGTACCTAATGTGNGG,TAGTAATAGTACCTAATGT-GNGG,LINC01709,non-coding RNA,NA12878,101767309.0,101767311.0,aggaaggatagcattagtagaaatacctaatgtagaggatgggttgttgggtgcagcaaact,1,0.163
chr14:92424997-,0.0,0.0,TGGAGCTAGTGCCTAATGGGAGG,27.0,0.0,TGGAGCTAGTGCCTAATGGGAGG,6.0,0.0,0.0,TAGTAATAGTACCTAATGTGNGG,TAGTAATAGTACCTAATGTGNGG,SLC24A4,intron,NA12878,92425002.0,92425004.0,gggacctgcccccatgacccaaacacctcccattaggcactagctccaagattggggatcac,1,0.163
chr22:34849456+,0.0,0.0,TAGTGATAGTCCCAAATGTTGAC,23.0,0.0,TAGTGATAGTCCCAAATGTTGAC,6.0,0.0,0.0,TAGTAATAGTACCTAATGTGNGG,TAGTAATAGTACCTAATGTGNGG,LINC02885,non-coding RNA,NA12878,34849471.0,34849473.0,Agctaaaattaaaagtagtgatagtcccaaatgttgacagggatatgaggaaactggatccc,1,0.13899999999999998
chr10:99366325-,0.0,0.0,CAGGAGTAGTCCCTAATGTGATG,23.0,0.0,CAGGAGTAGTCCCTAATGTGATG,5.0,0.0,0.0,TAGTAATAGTACCTAATGTGNGG,TAGTAATAGTACCTAATGTGNGG,CNNM1,intron,NA12878,99366330.0,99366332.0,TTCTCTAAAGGAAATCTCCATCATCCATCACATTAGGGACTACTCCTGGGATTCTAATATGT,1,0.13899999999999998
chr4:136258467+,0.0,0.0,TGAGCATAGTACCTAATAGGTGG,23.0,0.0,TGAGCATAGTACCTAATAGGTGG,6.0,0.0,0.0,TAGTAATAGTACCTAATGTGNGG,TAGTAATAGTACCTAATGTGNGG,LINC00613,intergenic | 344798bp from LINC00613,NA12878,136258483.0,136258485.0,catcatccaaatagtgagcatagtacctaataggtggtttttcaacccttgccTtatgaaac,1,0.13899999999999998
chr1:171898958+,0.0,0.0,TAGTATTTGAAACTAACGTGAGT,23.0,4.0,TAGTATTTGAAACTAACGTGAGT,6.0,0.0,0.0,TAGTAATAGTACCTAATGTGNGG,TAGTAATAGTACCTAATGTGNGG,DNM3,intron,NA12878,171898974.0,171898976.0,AAAGGGGTGATGAGTAGTATTTGAAACTAACGTGAGTTTGTAGGGCCGTAGTGTCCTCCGGA,1,0.13899999999999998
chr13:24250929+,0.0,0.0,CTGTACTATAACCTAATGTAGGG,20.0,0.0,CTGTACTATAACCTAATGTAGGG,6.0,0.0,0.0,TAGTAATAGTACCTAATGTGNGG,TAGTAATAGTACCTAATGTGNGG,SPATA13,intron,NA12878,24250945.0,24250947.0,TGCGAAGTAATTTTCTGTACTATAACCTAATGTAGGGAATTGAGTGGGAAAATTGTAAGAAA,1,0.121
chr4:168845507-,0.0,0.0,TACTTATAATACCTAATGTAAAG,20.0,0.0,TACTTATAATACCTAATGTAAAG,5.0,0.0,0.0,TAGTAATAGTACCTAATGTGNGG,TAGTAATAGTACCTAATGTGNGG,PALLD,intron,NA12878,168845512.0,168845514.0,atagcatgacagctatttatatagcctttacattaggtattataagtaatctagagatgatt,1,0.121
chr14:98613682+,0.0,0.0,TAATCCTAGTACTTGATGTGCAG,20.0,0.0,TAATCCTAGTACTTGATGTGCAG,6.0,0.0,0.0,TAGTAATAGTACCTAATGTGNGG,TAGTAATAGTACCTAATGTGNGG,LINC02914,intergenic | 97919bp from LINC02914,NA12878,98613698.0,98613700.0,ctgtaaaatggggataatcctagtacttgatgtgcagcagctgtgagcactgaacaagacaa,1,0.121
chr3:99858788-,0.0,0.0,GAGTAATGGTTCTTAAAGTGTGG,20.0,0.0,GAGTAATGGTTCTTAAAGTGTGG,5.0,0.0,0.0,TAGTAATAGTACCTAATGTGNGG,TAGTAATAGTACCTAATGTGNGG,FILIP1L,intron,NA12878,99858793.0,99858795.0,ataTCTTCTTCACTCTCAAAGGGGGCCACACTTTAAGAACCATTACTCCAGAGGATAGACAG,1,0.121
chr11:22030961+,0.0,0.0,TAGGAGAAATACCTAATGTAGGT,20.0,0.0,TAGGAGAAATACCTAATGTAGGT,6.0,0.0,0.0,TAGTAATAGTACCTAATGTGNGG,TAGTAATAGTACCTAATGTGNGG,ANO5,intergenic | 162112bp from ANO5,NA12878,22030976.0,22030978.0,ggggagggataacattaggagaaatacctaatgtaggtgatgggttgatgggtgcagctttc,1,0.121
chr10:126775408-,0.0,0.0,TGTACATTGTACCTAATGTGTAG,20.0,0.0,TGTACATTGTACCTAATGTGTAG,6.0,0.0,0.0,TAGTAATAGTACCTAATGTGNGG,TAGTAATAGTACCTAATGTGNGG,C10orf90,intergenic | 104726bp from C10orf90,NA12878,126775413.0,126775415.0,aggagggggactaagaattttaaaactacacattaggtacaatgtacactactcagatgaca,1,0.121
chr17:72597477-,0.0,0.0,TAATCATAGTACCTACTGTTGGC,20.0,0.0,TAATCATAGTACCTACTGT-TGG,3.0,1.0,0.0,TAGTAATAGTACCTAATGTGNGG,TAGTAATAGTACCTAATGTGNGG,LINC00511,intergenic | 552bp from LINC00511,NA12878,72597483.0,72597485.0,tctcatcatataatctcccaagaagccaacagtaggtactatgattaactctattttagaaa,1,0.121
chr11:58136146+,0.0,0.0,TATCATAGGTAACTAATGTGGGG,20.0,0.0,TATCATAGGTAACTAATGTGGGG,6.0,0.0,0.0,TAGTAATAGTACCTAATGTGNGG,TAGTAATAGTACCTAATGTGNGG,OR9Q1,intron,NA12878,58136162.0,58136164.0,TAACCTACCATGGTTATCATAGGTAACTAATGTGGGGGAAAGATAACCCAGAGTTACAGACA,1,0.121
chr9:29900224-,0.0,0.0,TAGTCATAGTAACCAAGGTGCGG,20.0,0.0,TAGTCATAGTAACCAAGGTGCGG,4.0,0.0,0.0,TAGTAATAGTACCTAATGTGNGG,TAGTAATAGTACCTAATGTGNGG,LINC01242,intergenic | 488699bp from LINC01242,NA12878,29900229.0,29900231.0,gtgttgttgaacatttaggttgtttccgcaccttggttactatgactactgctacaatgaat,1,0.121
chr13:49625039-,0.0,0.0,TAATAATGGTACCTAACTTGAAG,17.0,0.0,TAATAATGGTACCTAACTTGAAG,5.0,0.0,0.0,TAGTAATAGTACCTAATGTGNGG,TAGTAATAGTACCTAATGTGNGG,ARL11,intergenic | 3456bp from ARL11,NA12878,49625044.0,49625046.0,cacttattaaatccttccaataacccttcaagttaggtaccattattatcgtcatcaacctc,1,0.10300000000000001
chrX:40541058+,0.0,0.0,AAATAATAGTACCTACTCGGTAG,17.0,0.0,AAATAATAGTACCTACTCGGTAG,6.0,0.0,0.0,TAGTAATAGTACCTAATGTGNGG,TAGTAATAGTACCTAATGTGNGG,ATP6AP2,intergenic | 39900bp from ATP6AP2,NA12878,40541071.0,40541073.0,cttctcggaaacataaaaaataatagtacctactcggtagagttgctctgaggtttaaaaga,1,0.10300000000000001
chr9:85065958+,0.0,0.0,GAGTAATGAAACATAATCTGTGG,17.0,0.0,GAGTAATGAAACATAATCTGTGG,6.0,0.0,0.0,TAGTAATAGTACCTAATGTGNGG,TAGTAATAGTACCTAATGTGNGG,NTRK2,intergenic | 38915bp from NTRK2,NA12878,85065974.0,85065976.0,ATGAATATGCCACAGAGTAATGAAACATAATCTGTGGCTTATCTTATCTTAGAGCCAGAAAA,1,0.10300000000000001
chr14:36422243-,0.0,0.0,AAAGAATAGTACCTACTGCGTGG,17.0,0.0,AAG-AATAGTACCTACTGCGTGG,3.0,1.0,0.0,TAGTAATAGTACCTAATGTGNGG,TAGTAATAGTACCTAATGTGNGG,SFTA3,intergenic | 51033bp from SFTA3,NA12878,36422249.0,36422252.0,gctcatttaatcttcagaacaaccccacgcagtaggtactattctttaatccccattttacaa,1,0.10300000000000001
chr12:70596211+,0.0,0.0,AAATAATTGCACCTCATATGAGG,17.0,0.0,AAATAATTGCACCTCATATGAGG,6.0,0.0,0.0,TAGTAATAGTACCTAATGTGNGG,TAGTAATAGTACCTAATGTGNGG,PTPRB,exon,NA12878,70596227.0,70596229.0,TGGTTATTTTCATCAAATAATTGCACCTCATATGAGGTGACTTTTCCGGAAGAAGGAGTCCA,1,0.10300000000000001
chr9:123964577-,0.0,0.0,TACTTTTATGTACCTAATGTGTGG,17.0,0.0,TACTTTTATGTACCTAATGTGTGG,3.0,0.0,1.0,TAGTAATAGTACCTAATGTGNGG,TAGTAATA-GTACCTAATGTGNGG,DENND1A,intergenic | 34463bp from DENND1A,NA12878,123964582.0,123964584.0,aaaaataagaaGATGGATTGCAAGGCCACACATTAGGTACATAAAAGTAGATGGCTTGTGAG,1,0.10300000000000001
chr8:52223781+,0.0,0.0,GTGCTATAGTAACTAATATGAGG,17.0,0.0,GTGCTATAGTAACTAATATGAGG,6.0,0.0,0.0,TAGTAATAGTACCTAATGTGNGG,TAGTAATAGTACCTAATGTGNGG,ST18,intron,NA12878,52223797.0,52223799.0,GCACTCATAACCCTGTGCTATAGTAACTAATATGAGGTCATCACCATCACCAATTTCATTTT,1,0.10300000000000001
chr13:103385678+,0.0,0.0,TCATCCTAGTACCTAATTTGAGG,17.0,0.0,TCATCCTAGTACCTAATTTGAGG,5.0,0.0,0.0,TAGTAATAGTACCTAATGTGNGG,TAGTAATAGTACCTAATGTGNGG,LINC01309,intergenic | 39510bp from LINC01309,NA12878,103385694.0,103385696.0,cagccaaaagtgtgtcatcctagtacctaatttgaggaaagtactaagaaaataacattaat,1,0.10300000000000001
chr7:17883671-,0.0,0.0,TAGGATAAGTACCTAATGTAGGT,17.0,0.0,TAGGATAAGTACCTAATGT-AGG,3.0,1.0,0.0,TAGTAATAGTACCTAATGTGNGG,TAGTAATAGTACCTAATGTGNGG,SNX13,intron,NA12878,17883677.0,17883679.0,gcttgctgcacccatcaacctgtcacctacattaggtacttatcctaatgctatccctcccc,1,0.10300000000000001
chr4:101764719-,0.0,0.0,TTGAAATAGTACCTATTAGGTAG,17.0,0.0,TTGAAATAGTACCTATTAGGTAG,6.0,0.0,0.0,TAGTAATAGTACCTAATGTGNGG,TAGTAATAGTACCTAATGTGNGG,BANK1,intergenic | 25999bp from BANK1,NA12878,101764727.0,101764729.0,ttgcactcaggtagtgagcatactacctaataggtactatttcaacccatttccccttccct,1,0.10300000000000001
chr1:25661880-,0.0,0.0,AGCTTATAGCACCTGATGTGGGG,17.0,0.0,AGCTTATAGCACCTGATGTGGGG,6.0,0.0,0.0,TAGTAATAGTACCTAATGTGNGG,TAGTAATAGTACCTAATGTGNGG,MAN1C1,intron,NA12878,25661885.0,25661887.0,ATTTGTTTTGCAAATACAAGTCCTACCCCACATCAGGTGCTATAAGCTCTATAAACTGTAAA,1,0.10300000000000001
chr2:156347449+,0.0,0.0,TTGTAATATTATCACACGTGTGG,17.0,0.0,TTGTAATATTATCACACGTGTGG,6.0,0.0,0.0,TAGTAATAGTACCTAATGTGNGG,TAGTAATAGTACCTAATGTGNGG,FLJ46875,intergenic | 5340bp from FLJ46875,NA12878,156347465.0,156347467.0,CCAAGGAAAGGGAGTTGTAATATTATCACACGTGTGGCATGTCAGAATCAAATTGGAGTACC,1,0.10300000000000001
chr1:41692872-,0.0,0.0,TTGTAATAGCAAATAATGGGAAG,17.0,0.0,TTGTAATAGCAAATAATGGGAAG,6.0,0.0,0.0,TAGTAATAGTACCTAATGTGNGG,TAGTAATAGTACCTAATGTGNGG,HIVEP3,intron,NA12878,41692880.0,41692882.0,ctattgatggacaatttggttgcttcccattatttgctattacaaacaatactatgatgaac,1,0.10300000000000001
chr3:21598687-,0.0,0.0,AAGTCACAGTACCTAATTTGTGG,17.0,0.0,AAGTCACAGTACCTAATTTGTGG,4.0,0.0,0.0,TAGTAATAGTACCTAATGTGNGG,TAGTAATAGTACCTAATGTGNGG,ZNF385D,intron,NA12878,21598692.0,21598694.0,TGTCTGAAGTTATTTTTACTTTAAACCACAAATTAGGTACTGTGACTTAAATAATAAAGGAA,1,0.10300000000000001
chr21:14037013-,0.0,0.0,ATGTAAAAGGACCTAATGTGGGA,17.0,0.0,TATGTAAAAGGACCTAATGTGGGA,3.0,0.0,1.0,TAGTAATAGTACCTAATGTGNGG,TA-GTAATAGTACCTAATGTGNGG,LOC105377134,non-coding RNA,NA12878,14037019.0,14037021.0,ttaacataacaagtcgattccctctcccacattaggtccttttacatactttaagatactta,1,0.10300000000000001
chr15:90564042-,0.0,0.0,CAGTAATAGTACCTACTCTGGGG,17.0,0.0,CAGTAATAGTACCTACTCTGGGG,3.0,0.0,0.0,TAGTAATAGTACCTAATGTGNGG,TAGTAATAGTACCTAATGTGNGG,CRTC3,intron,NA12878,90564048.0,90564049.0,tacatcatttactctttctagtaaccccagagtaggtactattactgtctctatttacagg,1,0.10300000000000001
chr11:9262392-,0.0,0.0,CAGTAAAAGAAACTAAGGTGGTG,13.0,0.0,CAGTAAAAGAAACTAAGGTGGTG,6.0,0.0,0.0,TAGTAATAGTACCTAATGTGNGG,TAGTAATAGTACCTAATGTGNGG,DENND5A,intron,NA12878,9262396.0,9262398.0,AAACACGCATAAAAAAAAGTTTATTCCACCACCTTAGTTTCTTTTACTGAGAAGAATTATGT,1,0.079
chr7:154635228+,0.0,0.0,CTGTCAGAGTACCTAATATGTGG,13.0,0.0,T-GTCAGAGTACCTAATATGTGG,3.0,1.0,0.0,TAGTAATAGTACCTAATGTGNGG,TAGTAATAGTACCTAATGTGNGG,DPP6,intron,NA12878,154635244.0,154635246.0,tgcatggtaaggagctgtcagagtacctaatatgtggtacgtgctccataaatgCCACCCAC,1,0.079
chr12:19172128-,0.0,0.0,TATGTATAGTACATAATATTGGG,13.0,0.0,TATGTATAGTACATAATATTGGG,6.0,0.0,0.0,TAGTAATAGTACCTAATGTGNGG,TAGTAATAGTACCTAATGTGNGG,PLEKHA5,intron,NA12878,19172133.0,19172135.0,agccattaacagtcatttatcattacccaatattatgtactatacataattgtatgtgttat,1,0.079
chr6:82923594+,0.0,0.0,TAGGAGAAATACCTAATGTAGGT,13.0,0.0,TAGGAGAAATACCTAATGTAGGT,6.0,0.0,0.0,TAGTAATAGTACCTAATGTGNGG,TAGTAATAGTACCTAATGTGNGG,UBE3D,intron,NA12878,82923609.0,82923611.0,ggggagggataacattaggagaaatacctaatgtaggtgacgggttgattggtgtagcaaac,1,0.079
chr12:61598420+,0.0,0.0,TAATAATAAATACCTAATCTGGGG,13.0,0.0,TAATAATAAATACCTAATCTGGGG,3.0,0.0,1.0,TAGTAATAGTACCTAATGTGNGG,TAGTAATAG-TACCTAATGTGNGG,TAFA2,intergenic | 109840bp from TAFA2,NA12878,61598437.0,61598439.0,AATTACTGAATTTTAATAATAAATACCTAATCTGGGGCAGAGACAAGTTGGATACTTACCAA,1,0.079
chr7:156883064-,0.0,0.0,CAGTAAGAATACCTAATGTGAGA,13.0,0.0,CAGTAAGAATACCTAATGTGAGA,4.0,0.0,0.0,TAGTAATAGTACCTAATGTGNGG,TAGTAATAGTACCTAATGTGNGG,LMBR1,intron,NA12878,156883069.0,156883071.0,aaaaattttttgttaagagggtagatctcacattaggtattcttactgcaatacaaTCAAGT,1,0.079
chr2:190105372+,0.0,0.0,GAATCAAAGTACCTAATTTGTGG,13.0,0.0,GAATCAAAGTACCTAATTTGTGG,5.0,0.0,0.0,TAGTAATAGTACCTAATGTGNGG,TAGTAATAGTACCTAATGTGNGG,C2orf88,intergenic | 32393bp from C2orf88,NA12878,190105388.0,190105390.0,CTGATTGATTTATTGAATCAAAGTACCTAATTTGTGGTCTCCCTCTATTCCTGCTCATAAAA,1,0.079
chr2:112742693+,0.0,0.0,AAATAATAGTACCTTCTGTGGTT,13.0,0.0,AAATAATAGTACCTTCTGTGGTT,6.0,0.0,0.0,TAGTAATAGTACCTAATGTGNGG,TAGTAATAGTACCTAATGTGNGG,NT5DC4,3utr,NA12878,112742707.0,112742709.0,ATGAATTTAAATTCAAAAATAATAGTACCTTCTGTGGTTCTGTTTGAGTCTTGCAAGATATT,1,0.079
chr11:103530713+,0.0,0.0,TAATAATAGTACCTATATGATAGG,13.0,0.0,TAATAATAGTACCTATATGATAGG,3.0,0.0,1.0,TAGTAATAGTACCTAATGTGNGG,TAGTAATAGTACCTA-ATGTGNGG,DYNC2H1,intergenic | 50862bp from DYNC2H1,NA12878,103530729.0,103530731.0,ctacaaaatggggataataatagtacctatatgataggattgtttaaggatccaattatttg,1,0.079
chr17:56029369+,0.0,0.0,TAATAATAGTACTTAATCTGTGG,13.0,0.0,TAATAATAGTACTTAATCTGTGG,3.0,0.0,0.0,TAGTAATAGTACCTAATGTGNGG,TAGTAATAGTACCTAATGTGNGG,ANKFN1,intergenic | 124094bp from ANKFN1,NA12878,56029384.0,56029386.0,tttgtaaaaagggtataataatagtacttaatctgtggtgtccttgggaggtataaatgaaa,1,0.079
chr10:12015759-,0.0,0.0,TTGTAATGGGAACTAATATTCGG,13.0,0.0,TTGTAATGGGAACTAATATTCGG,6.0,0.0,0.0,TAGTAATAGTACCTAATGTGNGG,TAGTAATAGTACCTAATGTGNGG,UPF2,intron,NA12878,12015764.0,12015766.0,TTCAAGTAACAATATTTTCAATTTTCCGAATATTAGTTCCCATTACAAGTGCATCAGTGCAT,1,0.079
chr10:64510868+,0.0,0.0,TAGGAGAAATACCTAATGTAGGT,13.0,0.0,TAGGAGAAATACCTAATGTAGGT,6.0,0.0,0.0,TAGTAATAGTACCTAATGTGNGG,TAGTAATAGTACCTAATGTGNGG,ANXA2P3,intergenic | 314648bp from ANXA2P3,NA12878,64510883.0,64510885.0,ggggagggatagcattaggagaaatacctaatgtaggtgacaggttgatgggtgcagcGACT,1,0.079
chr12:71610888-,0.0,0.0,TTTTAAGAGTACCAAATATTCGG,13.0,4.0,TTTTAAGAGTACCAAATATTCGG,6.0,0.0,0.0,TAGTAATAGTACCTAATGTGNGG,TAGTAATAGTACCTAATGTGNGG,ZFC3H1,intron,NA12878,71610893.0,71610895.0,ATGGTTATGCTGAGTTTTGGAGTTTCCGAATATTTGGTACTCTTAAAATGTTAACTACTTTT,1,0.079
chr9:6889652-,0.0,0.0,AAGTAAAAGTACCTAATGAAGCT,13.0,0.0,AAGTAAAAGTACCTAATGAAGCT,6.0,0.0,0.0,TAGTAATAGTACCTAATGTGNGG,TAGTAATAGTACCTAATGTGNGG,KDM4C,intron,NA12878,6889659.0,6889661.0,GCTTCTTTTAAGTAGTTGGCATCAGCTTCATTAGGTACTTTTACTTAAGTTGGACTGTTACA,1,0.079
chr19:48489275+,0.0,0.0,TAATAATAATAGCTAATGGGGCC,13.0,0.0,TAATAATAATAGCTAATGGGGCC,6.0,0.0,0.0,TAGTAATAGTACCTAATGTGNGG,TAGTAATAGTACCTAATGTGNGG,LMTK3,intron,NA12878,48489289.0,48489291.0,CAGtaatagctaataataataataatagctaatggggccgggcatggtggctcatgcctgta,1,0.079
chrX:134374281+,0.0,0.0,TCGCCTTACTACCTAATGTCAGG,13.0,0.0,TCGCCTTACTACCTAATGTCAGG,6.0,0.0,0.0,TAGTAATAGTACCTAATGTGNGG,TAGTAATAGTACCTAATGTGNGG,PHF6,intron,NA12878,134374297.0,134374299.0,ATCTTTTATTTTCATCGCCTTACTACCTAATGTCAGGTCTTATTTATACTGTTCAAATTCTT,1,0.079
chr1:226200745+,0.0,0.0,TAGTAATAGTACCTAATCAGGAT,13.0,0.0,TAGTAATAGTACCTAATCAGGAT,4.0,0.0,0.0,TAGTAATAGTACCTAATGTGNGG,TAGTAATAGTACCTAATGTGNGG,ACBD3,intergenic | 14015bp from ACBD3,NA12878,226200759.0,226200761.0,ctgcaaaatggaacaatagtaatagtacctaatcaggatgttgtgtatgttaacacatataa,1,0.079
chrX:153201711+,0.0,0.0,CAAGCATAGTACCTGATGGGCGG,13.0,0.0,CAAGCATAGTACCTGATGGGCGG,6.0,0.0,0.0,TAGTAATAGTACCTAATGTGNGG,TAGTAATAGTACCTAATGTGNGG,MAGEA1,intergenic | 17842bp from MAGEA1,NA12878,153201727.0,153201729.0,tttcacccaggttacaagcatagtacctgatgggcggttttttgatcctcaccctcctccta,1,0.079
chrX:46435821-,0.0,0.0,TGATAGTAGTGCCTAATGTGGAG,13.0,0.0,TGATAGTAGTGCCTAATGTGGAG,5.0,0.0,0.0,TAGTAATAGTACCTAATGTGNGG,TAGTAATAGTACCTAATGTGNGG,KRBOX4,intergenic | 11464bp from KRBOX4,NA12878,46435826.0,46435828.0,CAGTGAAACTTTTCTGCCATGATCACTCCACATTAGGCACTACTATCAAGCAAAGGGCCTAG,1,0.079
chr10:121258263+,0.0,0.0,AAACAAGAGTACCTAATGTGTGA,13.0,0.0,AAACAAGAGTACCTAATGTGTGA,5.0,0.0,0.0,TAGTAATAGTACCTAATGTGNGG,TAGTAATAGTACCTAATGTGNGG,FGFR2,intergenic | 220055bp from FGFR2,NA12878,121258279.0,121258281.0,gcaaaagaagagacaaacaagagtacctaatgtgtgactccatttgtatgacaaaattctaa,1,0.079
chr6:148539310+,0.0,0.0,TATACATTGTACCTAATGTGTAG,13.0,0.0,TATACATTGTACCTAATGTGTAG,5.0,0.0,0.0,TAGTAATAGTACCTAATGTGNGG,TAGTAATAGTACCTAATGTGNGG,SASH1,intron,NA12878,148539326.0,148539328.0,catcatctgagtagtatacattgtacctaatgtgtagtttttttatccctagactcccccca,1,0.079
chr1:114777130+,0.0,0.0,TAGGAGGAATACCTAATGTAAAG,13.0,0.0,TAGGAGGAATACCTAATGTAAAG,6.0,0.0,0.0,TAGTAATAGTACCTAATGTGNGG,TAGTAATAGTACCTAATGTGNGG,SIKE1,intron,NA12878,114777146.0,114777148.0,gggacggatagcattaggaggaatacctaatgtaaaggacgagttaatgggtgcagcacacc,1,0.079
chr15:65404718-,0.0,0.0,CAGCAATAGCACCATATCTGGGG,13.0,0.0,CAGCAATAGCACCATATCTGGGG,6.0,0.0,0.0,TAGTAATAGTACCTAATGTGNGG,TAGTAATAGTACCTAATGTGNGG,IGDCC4,intron,NA12878,65404723.0,65404725.0,aattaatgaatgaatgaatTCCTTTCCCCAGATATGGTGCTATTGCTGCAGCCAATAGAGGC,1,0.079
chr13:24145661+,0.0,0.0,AGGTATTAGTAACTGAGGTGAGG,13.0,0.0,AGGTATTAGTAACTGAGGTGAGG,6.0,0.0,0.0,TAGTAATAGTACCTAATGTGNGG,TAGTAATAGTACCTAATGTGNGG,SPATA13,intron,NA12878,24145678.0,24145679.0,GTTTGGGGAATGAAGGTATTAGTAACTGAGGTGAGGCTGAGGCAGTGGAAACATAGCTCAG,1,0.079
chr14:70675056-,0.0,0.0,AAGTGATGATACCTAGTGTTAGG,13.0,0.0,AAGTGATGATACCTAGTGTTAGG,6.0,0.0,0.0,TAGTAATAGTACCTAATGTGNGG,TAGTAATAGTACCTAATGTGNGG,TTC9,3utr,NA12878,70675061.0,70675063.0,ctagagagtaccctgtttcctgcaccctaacactaggtatcatcacttatcaaatctttccc,1,0.079
chr2:33434974-,0.0,0.0,TGGAGAAGCTACCTAATGTGAGG,13.0,0.0,TGGAGAAGCTACCTAATGTGAGG,6.0,0.0,0.0,TAGTAATAGTACCTAATGTGNGG,TAGTAATAGTACCTAATGTGNGG,RASGRP3,intergenic | 1362bp from RASGRP3,NA12878,33434979.0,33434981.0,CCTTTTGTTTTTTCCACTGCTTTTGCCTCACATTAGGTAGCTTCTCCAAGTAATTAGGAAAT,1,0.079
chr10:98409353+,0.0,0.0,TCCTGACAGTATCTAATCTGTGG,10.0,0.0,TCCTGACAGTATCTAATCTGTGG,6.0,0.0,0.0,TAGTAATAGTACCTAATGTGNGG,TAGTAATAGTACCTAATGTGNGG,PYROXD2,intron,NA12878,98409369.0,98409371.0,gggctgtccctccttcctgacagtatctaatctgtggcaacccctattttcgtaggccttcc,1,0.06
chr15:99203549-,0.0,0.0,TGGGAATAAGACCTAATGTTTGG,10.0,0.0,TGGGAATAAGACCTAATGTTTGG,5.0,0.0,0.0,TAGTAATAGTACCTAATGTGNGG,TAGTAATAGTACCTAATGTGNGG,TTC23,intron,NA12878,99203554.0,99203556.0,taactatagtcaacctattgtattaccaaacattaggtcttattcccattattcacctgtat,1,0.06
chr20:40451090-,0.0,0.0,TACTTATAATACCTAATGTAAGG,10.0,0.0,TACTTATAATACCTAATGTAAGG,4.0,0.0,0.0,TAGTAATAGTACCTAATGTGNGG,TAGTAATAGTACCTAATGTGNGG,MAFB,intergenic | 234746bp from MAFB,NA12878,40451095.0,40451097.0,taacaactattatatttacataataccttacattaggtattataagtaatctacagatgatt,1,0.06
chrX:101668839+,0.0,0.0,TAATAATAATAACTAATGTGATG,10.0,0.0,TAATAATAATAACTAATGTGATG,4.0,0.0,0.0,TAGTAATAGTACCTAATGTGNGG,TAGTAATAGTACCTAATGTGNGG,ARMCX2,intergenic | 9000bp from ARMCX2,NA12878,101668855.0,101668856.0,TGGAGCATGaataataataataataactaatgtgatgaagctttccatgagctatttcaat,1,0.06
chr4:59785321+,0.0,0.0,TAGGAGAAATACCTAATGTAGGT,10.0,0.0,TAGGAGAAATACCTAATGTAGGT,6.0,0.0,0.0,TAGTAATAGTACCTAATGTGNGG,TAGTAATAGTACCTAATGTGNGG,LINC02429,intergenic | 738373bp from LINC02429,NA12878,59785336.0,59785338.0,gggaagggatagcattaggagaaatacctaatgtaggtgacgggttgatgggtgcagcaaac,1,0.06
chr9:112042746-,0.0,0.0,TAATAATAGTACCCAATGTGAAG,10.0,0.0,TAATAATAGTACCCAATGTGAAG,3.0,0.0,0.0,TAGTAATAGTACCTAATGTGNGG,TAGTAATAGTACCTAATGTGNGG,SUSD1,intron,NA12878,112042750.0,112042752.0,ttcactcatttaggcttctaaccagccttcacattgggtactattattattcccttaaggaa,1,0.06
chr1:22688377+,0.0,0.0,GAGTGATAATACCCAATGTTGGC,10.0,0.0,GAGTGATAATACCCAATGTTGGC,6.0,0.0,0.0,TAGTAATAGTACCTAATGTGNGG,TAGTAATAGTACCTAATGTGNGG,EPHB2,intergenic | 22449bp from EPHB2,NA12878,22688392.0,22688394.0,tacccaataacaccagagtgataatacccaatgttggcaggcatgagctgaaatgggcactc,1,0.06
chr3:81247426+,0.0,0.0,TTGTTTGAGTACCTAATGTGGGC,10.0,0.0,TTGTTTGAGTACCTAATGTGGGC,5.0,0.0,0.0,TAGTAATAGTACCTAATGTGNGG,TAGTAATAGTACCTAATGTGNGG,LINC02027,intergenic | 151790bp from LINC02027,NA12878,81247441.0,81247443.0,CAAACAAATGACAAGTTGTTTGAGTACCTAATGTGGGCTGCACATTTATATTACTGTTGCAA,1,0.06
chr15:44212056-,0.0,0.0,TAATAATAGTACCTACTTCACTG,10.0,0.0,TAATAATAGTACCTACTTCACTG,6.0,0.0,0.0,TAGTAATAGTACCTAATGTGNGG,TAGTAATAGTACCTAATGTGNGG,FRMD5,intergenic | 16796bp from FRMD5,NA12878,44212060.0,44212062.0,taactcatttaatcctcataactatccagtgaagtaggtactattattatccccatttcaca,1,0.06
chr4:143190926+,0.0,0.0,CAGTTATAGTACCCAATTTAGGA,10.0,0.0,CAGTTATAGTACCCAATTTAGGA,6.0,0.0,0.0,TAGTAATAGTACCTAATGTGNGG,TAGTAATAGTACCTAATGTGNGG,USP38,intron,NA12878,143190941.0,143190943.0,CAGCCTCTTCAAAAACAGTTATAGTACCCAATTTAGGAATTTTTTTTCAAGATGTATTTGGG,1,0.06
chr3:82541180+,0.0,0.0,TAGTAATAGAAACTTATATAGTG,10.0,0.0,TAGTAATAGAAACTTATATAGTG,6.0,0.0,0.0,TAGTAATAGTACCTAATGTGNGG,TAGTAATAGTACCTAATGTGNGG,LINC02008,intergenic | 77516bp from LINC02008,NA12878,82541197.0,82541198.0,gaattagcatatatagtaatagaaacttatatagtgttactatatatactaaatatatagt,1,0.06
chr9:119507822+,0.0,0.0,TAGGAGAAATACCTAATGTAGGT,10.0,0.0,TAGGAGAAATACCTAATGTAGGT,6.0,0.0,0.0,TAGTAATAGTACCTAATGTGNGG,TAGTAATAGTACCTAATGTGNGG,BRINP1,intergenic | 138398bp from BRINP1,NA12878,119507837.0,119507839.0,ggggagggatagcattaggagaaatacctaatgtaggtgacgagttgatgggtgcagcaaac,1,0.06
chr9:110454838-,0.0,0.0,TGAGAATAGTACCTAATATGTAG,10.0,0.0,GAG-AATAGTACCTAATATGTAG,3.0,1.0,0.0,TAGTAATAGTACCTAATGTGNGG,TAGTAATAGTACCTAATGTGNGG,SVEP1,intron,NA12878,110454846.0,110454848.0,aaaggtggtgtgggctgcaaaactacatattaggtactattctcactacctgggtgatggaa,1,0.06
chr8:98221655-,0.0,0.0,TAGGAGAAATACCTAATGTAGGT,10.0,0.0,TAGGAGAAATACCTAATGTAGGT,6.0,0.0,0.0,TAGTAATAGTACCTAATGTGNGG,TAGTAATAGTACCTAATGTGNGG,NIPAL2,intron,NA12878,98221661.0,98221663.0,atttgctgtacccatcaacctgtcacctacattaggtatttctcctaatgctatccctcATg,1,0.06
chr6:21744989+,0.0,0.0,TACTAATAATACCTAATATATAG,10.0,0.0,TACTAATAATACCTAATATATAG,5.0,0.0,0.0,TAGTAATAGTACCTAATGTGNGG,TAGTAATAGTACCTAATGTGNGG,CASC15,non-coding RNA,NA12878,21745005.0,21745007.0,tcacaattactccttactaataatacctaatatatagatcttgcacatctcttggcttatgt,1,0.06
chr5:77705015+,0.0,0.0,CAGTAATGTAACTAGTGTGTGG,10.0,0.0,CAGTAAT-GTAACTAGTGTGTGG,3.0,1.0,0.0,TAGTAATAGTACCTAATGTGNGG,TAGTAATAGTACCTAATGTGNGG,TBCA,intron,NA12878,77705029.0,77705031.0,CATCTGTGTATGTAGTCAGTAATGTAACTAGTGTGTGGCTGGTATTTTCAAATGACAATTAC,1,0.06
chr13:101202214+,0.0,0.0,TGCTGGTCGTACCTAATGTTGGG,10.0,0.0,TGCTGGTCGTACCTAATGTTGGG,6.0,0.0,0.0,TAGTAATAGTACCTAATGTGNGG,TAGTAATAGTACCTAATGTGNGG,NALCN,intron,NA12878,101202230.0,101202232.0,TGATATACAGTAAATGCTGGTCGTACCTAATGTTggggttacatttctaaaaagtatattgg,1,0.06
chr4:127457940+,0.0,0.0,CATTCACAGTACCTAATGTAGTG,10.0,0.0,CATTCACAGTACCTAATGTAGTG,6.0,0.0,0.0,TAGTAATAGTACCTAATGTGNGG,TAGTAATAGTACCTAATGTGNGG,INTU,intergenic | 175005bp from INTU,NA12878,127457956.0,127457958.0,GGtcacttagccatcattcacagtacctaatgtagtgttctagatacaaaaattaagtaaag,1,0.06
chr7:141241120+,0.0,0.0,TGTACATTGTACCTAATGTGTAG,10.0,0.0,TGTACATTGTACCTAATGTGTAG,6.0,0.0,0.0,TAGTAATAGTACCTAATGTGNGG,TAGTAATAGTACCTAATGTGNGG,TMEM178B,intron,NA12878,141241136.0,141241138.0,cgtcacccgagtagtgtacattgtacctaatgtgtagtttttttttttaatccctagccccc,1,0.06
chr16:58235569+,0.0,0.0,TAATAATATTACCTAATTGGTAA,10.0,0.0,TAATAATATTACCTAATTGGTAA,6.0,0.0,0.0,TAGTAATAGTACCTAATGTGNGG,TAGTAATAGTACCTAATGTGNGG,CCDC113,intergenic | 14355bp from CCDC113,NA12878,58235582.0,58235584.0,TGTTTTTTATTAAGCAATAATAATATTACCTAATTGGTAATAAATATATTAAGAAATAACAA,1,0.06
chr2:71650582-,0.0,0.0,TAGTAAAAGTGCCACACGTGTAG,10.0,0.0,TAGTAAAAGTGCCACACGTGTAG,6.0,0.0,0.0,TAGTAATAGTACCTAATGTGNGG,TAGTAATAGTACCTAATGTGNGG,DYSF,intron,NA12878,71650587.0,71650589.0,taacccagtagcctgaaaataaagactacacgtgtggcacttttactacaattgaccatgta,1,0.06
chr2:140484239-,0.0,0.0,TAAAAATAGTACCTAATAGGAGA,10.0,0.0,TAAAAATAGTACCTAATAGGAGA,5.0,0.0,0.0,TAGTAATAGTACCTAATGTGNGG,TAGTAATAGTACCTAATGTGNGG,LRP1B,intron,NA12878,140484247.0,140484249.0,AATACGTGCACAGTACAAAGCTTCTCCTATTAGGTACTATTTTTACCTAAATTAATGTATAC,1,0.06
chr2:132835942-,0.0,0.0,TTAGAAGAGTACCTAATATGCAG,10.0,0.0,TAG-AAGAGTACCTAATATGCAG,3.0,1.0,0.0,TAGTAATAGTACCTAATGTGNGG,TAGTAATAGTACCTAATGTGNGG,NCKAP5,intron,NA12878,132835947.0,132835949.0,ATAGCTAAGGCTTGCAAAGTGATTACTGCATATTAGGTACTCTTCTAAAAATATACTTGGAT,1,0.06
chr8:105585718+,0.0,0.0,TAATATAGTACCTAACATGTGG,10.0,0.0,TAATA-TAGTACCTAACATGTGG,3.0,1.0,0.0,TAGTAATAGTACCTAATGTGNGG,TAGTAATAGTACCTAATGTGNGG,ZFPM2,intron,NA12878,105585733.0,105585735.0,GGAAATATAGTATAGTAATATAGTACCTAACATGTGggaggattgcttgaccccaggagttt,1,0.06
chr8:118489859-,0.0,0.0,TAGTAATAACAAATAATTTGTGT,10.0,0.0,TAGTAATAACAAATAATTTGTGT,6.0,0.0,0.0,TAGTAATAGTACCTAATGTGNGG,TAGTAATAGTACCTAATGTGNGG,SAMD12,intron,NA12878,118489866.0,118489869.0,TGATTTAATTGTTCAAAACAACTACACAAATTATTTGTTATTACTAGGATATTGAGATCCTGG,1,0.06
chr21:30914949+,0.0,0.0,GAATAGTATTGCCTAATGTTAGG,10.0,0.0,GAATAGTATTGCCTAATGTTAGG,6.0,0.0,0.0,TAGTAATAGTACCTAATGTGNGG,TAGTAATAGTACCTAATGTGNGG,KRTAP11-1,intergenic | 33380bp from KRTAP11-1,NA12878,30914965.0,30914967.0,CCCCTCCCCCAAAAGAATAGTATTGCCTAATGTTAGGGAAACTGGTACCCAGCTGAATGGTT,1,0.06
chr11:116585793+,0.0,0.0,TAATAGTAGAACCTAAGCAGTGG,10.0,0.0,TAATAGTAGAACCTAAGCAGTGG,6.0,0.0,0.0,TAGTAATAGTACCTAATGTGNGG,TAGTAATAGTACCTAATGTGNGG,LINC02702,intergenic | 53617bp from LINC02702,NA12878,116585809.0,116585811.0,gtatcatacaatgataatagtagaacctaagcagtgggttgagtgttcacggaaaaattctt,1,0.06
chr11:11274660-,0.0,0.0,TAGGAGAAATACCTAATGTAGGT,10.0,0.0,TAGGAGAAATACCTAATGTAGGT,6.0,0.0,0.0,TAGTAATAGTACCTAATGTGNGG,TAGTAATAGTACCTAATGTGNGG,GALNT18,intron,NA12878,11274666.0,11274668.0,gtttgctgcacccatcaacctgtcacctacattaggtatttctcctaatgttattcctcccc,1,0.06
chr13:105083059-,0.0,0.0,TAGTAATAATAACAAATGATAAG,10.0,0.0,TAGTAATAATAACAAATGATAAG,6.0,0.0,0.0,TAGTAATAGTACCTAATGTGNGG,TAGTAATAGTACCTAATGTGNGG,DAOA-AS1,intergenic | 375984bp from DAOA-AS1,NA12878,105083052.0,105083055.0,acacaGAGAGTATAAAACAGAGCTTGTATAGACTAAACTTATCATTTGTTATTATTACTATGT,1,0.06
