Genomic Coordinate,Nuclease_Read_Count.spCas9_78_REX11_R3_08,Control_Read_Count.spCas9_78_REX11_R3_08,Site_Sequence,Nuclease_Read_Count.spCas9_78_REX11_R1_07,Control_Read_Count.spCas9_78_REX11_R1_07,Aligned_Site_Sequence,Site_Substitution_Number,DNA_Bulge,RNA_Bulge,Target_Sequence,Aligned_Target_Sequence,Gene_Name,Feature,Cell,MappingPositionStart,MappingPositionEnd,WindowSequence,Number of Replicates Sites found,Percent Total Reads
chr7:158521494+,569.0,0.0,TTTCTCAGGAGCAGCACGCTGGG,395.0,0.0,TTTCTCAGGAGCAGCACGCTGGG,6.0,0.0,0.0,GAACTCAGGAGTCGCGCGCTNGG,GAACTCAGGAGTCGCGCGCTNGG,PTPRN2,intron,NA12878,158521510.0,158521512.0,CAGTTGACGAATGATTTCTCAGGAGCAGCACGCTGGGTGCTGGCTCAGGAGGAAGGTCCGCA,2,8.620999999999999
chr12:88661390+,527.0,0.0,TATGTCAGGAGCCACGCACTAGG,378.0,0.0,TATGTCAGGAGCCACGCACTAGG,6.0,0.0,0.0,GAACTCAGGAGTCGCGCGCTNGG,GAACTCAGGAGTCGCGCGCTNGG,LOC105369885,intergenic | 60802bp from LOC105369885,NA12878,88661406.0,88661408.0,GTTATCTTTGCTGTTATGTCAGGAGCCACGCACTAGGGAGGGCTGCAGCACACTGAAGAGCT,2,8.093
chr18:79425626-,251.0,0.0,GAATCCCGGAATCGCGCCCTCGG,250.0,0.0,GAATCCCGGAATCGCGCCCTCGG,5.0,0.0,0.0,GAACTCAGGAGTCGCGCGCTNGG,GAACTCAGGAGTCGCGCGCTNGG,NFATC1,intron,NA12878,79425631.0,79425633.0,CTGCCTCTGCTCTGGGCTTCTGCTGCCGAGGGCGCGATTCCGGGATTCTCATCGTTCACCGG,2,4.4799999999999995
chr8:92429519-,241.0,0.0,GGGCTCAGGGGCCCCACGCTCGG,167.0,0.0,GGGCTCAGGGGCCCCACGCTCGG,6.0,0.0,0.0,GAACTCAGGAGTCGCGCGCTNGG,GAACTCAGGAGTCGCGCGCTNGG,LOC105375638,intergenic | 16068bp from LOC105375638,NA12878,92429524.0,92429526.0,gggctggtggcaccggccggccactccgagcgtggggcccctgagcccgcgtccacccggaa,2,3.649
chr10:109040819+,179.0,0.0,GGGCTCAGCAGTCCCGCACTCGG,202.0,0.0,GGGCTCAGCAGTCCCGCACTCGG,5.0,0.0,0.0,GAACTCAGGAGTCGCGCGCTNGG,GAACTCAGGAGTCGCGCGCTNGG,LINC02661,intergenic | 200144bp from LINC02661,NA12878,109040835.0,109040837.0,ttccgggtgggcgcgggctcagcagtcccgcactcggaacggccggccagtgcctgctgggc,2,3.4070000000000005
chr22:46061569-,138.0,0.0,GGGGTCAGGAGTCGCGGGCTGCG,22.0,0.0,GGGGTCAGGAGTCGCGGGCTGCG,5.0,0.0,0.0,GAACTCAGGAGTCGCGCGCTNGG,GAACTCAGGAGTCGCGCGCTNGG,PRR34-AS1,intergenic | 3058bp from PRR34-AS1,NA12878,46061573.0,46061575.0,AAACAGGCGCCGAACAAAGCGGCGGCCGCAGCCCGCGACTCCTGACCCCGGGGTCGCGCCCT,2,1.431
chr19:53675039+,112.0,0.0,GACCTCAGGAGTCCCGCCTCGGC,70.0,0.0,GACCTCAGGAGTCCCGC-CTCGG,2.0,1.0,0.0,GAACTCAGGAGTCGCGCGCTNGG,GAACTCAGGAGTCGCGCGCTNGG,MIR520E,intergenic | 660bp from MIR520E,NA12878,53675054.0,53675056.0,tggtcttgaactcctgacctcaggagtcccgcctcggcctctcaaagtgctgagattacagg,2,1.628
chr11:129919541-,109.0,0.0,GAAACCAGGAGCTGAGCCCTGGG,0.0,0.0,GAAACCAGGAGCTGAGCCCTGGG,6.0,0.0,0.0,GAACTCAGGAGTCGCGCGCTNGG,GAACTCAGGAGTCGCGCGCTNGG,PRDM10,intron,NA12878,129919546.0,129919548.0,TTGTTCACTATGATGGAGCATGGGGCCCAGGGCTCAGCTCCTGGTTTCACTATTTAGTGACA,1,0.975
chr4:48455173+,97.0,0.0,GAGCCCAGGAGTCGAGCCTGGG,75.0,0.0,GAGCCCAGGAGTCGAGC-CTGGG,3.0,1.0,0.0,GAACTCAGGAGTCGCGCGCTNGG,GAACTCAGGAGTCGCGCGCTNGG,SLC10A4,intergenic | 28158bp from SLC10A4,NA12878,48455188.0,48455190.0,gcaggaggatcacttgagcccaggagtcgagcctgggaaacatagtgagattcttgcctcca,2,1.538
chr4:1593790+,91.0,0.0,GCCAGCAGAAGACGCGCGCTCGG,22.0,0.0,GCCAGCAGAAGACGCGCGCTCGG,6.0,0.0,0.0,GAACTCAGGAGTCGCGCGCTNGG,GAACTCAGGAGTCGCGCGCTNGG,FAM53A,intergenic | 46079bp from FAM53A,NA12878,1593806.0,1593808.0,CCAGCTTATCACGGGCCAGCAGAAGACGCGCGCTCGGGTGAAAAAATTAAGTATTGATCAAA,2,1.011
chr2:103123021+,88.0,0.0,AGGCCCAGGAGGCACGCGCTAGG,92.0,0.0,AGGCCCAGGAGGCACGCGCTAGG,6.0,0.0,0.0,GAACTCAGGAGTCGCGCGCTNGG,GAACTCAGGAGTCGCGCGCTNGG,LINC01935,intergenic | 138603bp from LINC01935,NA12878,103123037.0,103123039.0,tgaaccttcacagtaggcccaggaggcacgcgctaggatgccgcttattcaatccatgagga,2,1.6099999999999999
chr2:233475942-,86.0,0.0,CCGCTCAGGAGACTCGCACTGGG,0.0,0.0,CCGCTCAGGAGACTCGCACTGGG,6.0,0.0,0.0,GAACTCAGGAGTCGCGCGCTNGG,GAACTCAGGAGTCGCGCGCTNGG,USP40,3utr,NA12878,233475947.0,233475949.0,TCCCTCTGCAAAGACGCAGTCTACACCCAGTGCGAGTCTCCTGAGCGGGGTTAGTGTTTGGG,1,0.769
chr2:126694087+,77.0,0.0,GAATGGAGGAGTCTAGCCCTGGG,0.0,0.0,GAATGGAGGAGTCTAGCCCTGGG,6.0,0.0,0.0,GAACTCAGGAGTCGCGCGCTNGG,GAACTCAGGAGTCGCGCGCTNGG,GYPC,intron,NA12878,126694103.0,126694105.0,TGGTTTTGAATGTGGAATGGAGGAGTCTAGCCCTGGGTAAatatatatatacatgcatacat,1,0.6890000000000001
chr10:119285376-,76.0,0.0,CAACCCAGGAATCGAGCCTTGGG,57.0,0.0,CAACCCAGGAATCGAGCCTTGGG,6.0,0.0,0.0,GAACTCAGGAGTCGCGCGCTNGG,GAACTCAGGAGTCGCGCGCTNGG,GRK5,intron,NA12878,119285382.0,119285384.0,AAGAAACCTCCCTGGGCCAGGCTCCCCAAGGCTCGATTCCTGGGTTGGGGGCAGAGATTGGA,2,1.189
chr2:126802442+,75.0,0.0,AGACCCAGGAGCCCCGCACTGGG,149.0,0.0,AGACCCAGGAGCCCCGCACTGGG,6.0,0.0,0.0,GAACTCAGGAGTCGCGCGCTNGG,GAACTCAGGAGTCGCGCGCTNGG,TEX51,intergenic | 96436bp from TEX51,NA12878,126802458.0,126802460.0,GCAGCAGGGGACTGAGACCCAGGAGCCCCGCACTGGGGCGCCTCCAAGCCCTGCATGCTGCA,2,2.003
chr9:136620956-,73.0,0.0,GTCCCCAGAAATCGCACGCTGGG,0.0,0.0,GTCCCCAGAAATCGCACGCTGGG,6.0,0.0,0.0,GAACTCAGGAGTCGCGCGCTNGG,GAACTCAGGAGTCGCGCGCTNGG,LINC01451,intergenic | 3786bp from LINC01451,NA12878,136620961.0,136620963.0,AGCCAGTGCCTCCCTCCGCGCCGGGCCCAGCGTGCGATTTCTGGGGACGGGGAGGAGATGCC,1,0.653
chr12:107224205+,68.0,0.0,GAACTCAGGAGTTCCACAAGAGG,0.0,0.0,GAACTCAGGAGTTCCACAAGAGG,6.0,0.0,0.0,GAACTCAGGAGTCGCGCGCTNGG,GAACTCAGGAGTCGCGCGCTNGG,ABTB3,intergenic | 94217bp from ABTB3,NA12878,107224222.0,107224224.0,TCCAGTTCTTGCTGAACTCAGGAgttccacaagagggaacctgttaaataaattataatagt,1,0.608
chr7:149838416-,67.0,0.0,GGACCCAGGATAAGCGCGCTGAG,0.0,0.0,GGACCCAGGATAAGCGCGCTGAG,6.0,0.0,0.0,GAACTCAGGAGTCGCGCGCTNGG,GAACTCAGGAGTCGCGCGCTNGG,ZNF862,5utr,NA12878,149838421.0,149838423.0,TCGCTCGGTGCGACGCAAGTCTCAGCTCAGCGCGCTTATCCTGGGTCCACCGGCGCTACCGC,1,0.599
chr12:42589750+,66.0,0.0,GGGCTCCGGAGCCGCGCGCTGCG,0.0,0.0,GGGCTCCGGAGCCGCGCGCTGCG,5.0,0.0,0.0,GAACTCAGGAGTCGCGCGCTNGG,GAACTCAGGAGTCGCGCGCTNGG,PRICKLE1,intergenic | 15bp from PRICKLE1,NA12878,42589767.0,42589769.0,GCGGAGTGCGCTCGGGCTCCGGAGCCGCGCGCTGCGGCGCCGCCGCGCACCCCGCCCTCGGC,1,0.59
chrX:51496915-,63.0,0.0,GGCCCGAGGCGTCGCGCGCTGCG,0.0,0.0,GGCCCGAGGCGTCGCGCGCTGCG,6.0,0.0,0.0,GAACTCAGGAGTCGCGCGCTNGG,GAACTCAGGAGTCGCGCGCTNGG,NUDT11,intergenic | 334bp from NUDT11,NA12878,51496920.0,51496922.0,GCGGGGGCGGGGGTCTCCTGGCTCCCGCAGCGCGCGACGCCTCGGGCCCACTGCGCAGGCGC,1,0.563
chr2:69300456-,62.0,0.0,GAACTCATGAAGTCCCACGCTGGG,22.0,0.0,GAACTCATGAAGTCCCACGCTGGG,3.0,0.0,1.0,GAACTCAGGAGTCGCGCGCTNGG,GAACTCAGGA-GTCGCGCGCTNGG,GFPT1,intergenic | 19311bp from GFPT1,NA12878,69300461.0,69300464.0,GACCTCAGAGAGGTAACACATAGAGCCCAGCGTGGGACTtcatgagttcagttctgggtatag,2,0.751
chr13:30803027-,58.0,0.0,CTACTCAGGAGCCCCGCTCAGGG,0.0,0.0,CTACTCAGGAGCCCCGCTCAGGG,6.0,0.0,0.0,GAACTCAGGAGTCGCGCGCTNGG,GAACTCAGGAGTCGCGCGCTNGG,LINC00398,intergenic | 167bp from LINC00398,NA12878,30803019.0,30803020.0,TCATTAGAGGGCAATTAGCCGGGCTCCCGCACCCGGTGCCCTGAGCGGGGCTCCTGAGTAG,1,0.519
chr10:92216427-,56.0,0.0,GAAGCCAGGAGCTGCGCGATGGG,0.0,0.0,GAAGCCAGGAGCTGCGCGATGGG,5.0,0.0,0.0,GAACTCAGGAGTCGCGCGCTNGG,GAACTCAGGAGTCGCGCGCTNGG,CPEB3,intron,NA12878,92216432.0,92216434.0,CCAGGAGCTGCTGGTCAACCAGAACCCCATCGCGCAGCTCCTGGCTTCTCGCCGCCTCAAGC,1,0.501
chr20:63566412-,54.0,0.0,GAGCTGAGGAGGCGGGACCTAGG,0.0,0.0,GAGCTGAGGAGGCGGGACCTAGG,6.0,0.0,0.0,GAACTCAGGAGTCGCGCGCTNGG,GAACTCAGGAGTCGCGCGCTNGG,HELZ2,exon,NA12878,63566417.0,63566419.0,CTCAAAACTGCCGACAGACACCTGGCCTAGGTCCCGCCTCCTCAGCTCCTGCCTCAGTGCAC,1,0.483
chr2:120564259-,51.0,0.0,GCCCCCAGGGGTCGCCCGCTGGG,0.0,0.0,GCCCCCAGGGGTCGCCCGCTGGG,5.0,0.0,0.0,GAACTCAGGAGTCGCGCGCTNGG,GAACTCAGGAGTCGCGCGCTNGG,LINC01101,intergenic | 97921bp from LINC01101,NA12878,120564264.0,120564266.0,gcagaacctgCACTCCAACCGCCAGCCCAGCGGGCGACCCCTGGGGGCGAGGCGGGCAGAGG,1,0.45599999999999996
chr14:89139371-,48.0,0.0,TTCCTCAGGAGCCCCGCGCTGTG,0.0,0.0,TTCCTCAGGAGCCCCGCGCTGTG,6.0,0.0,0.0,GAACTCAGGAGTCGCGCGCTNGG,GAACTCAGGAGTCGCGCGCTNGG,FOXN3,intergenic | 16794bp from FOXN3,NA12878,89139375.0,89139377.0,GGGAATGCGTCACGGAGGCTCCTCCCCACAGCGCGGGGCTCCTGAGGAAGGTGGCAAAACAT,1,0.42900000000000005
chr8:70104227-,48.0,0.0,GGACGAAGGAGTCTCGCCATGGG,0.0,0.0,GGACGAAGGAGTCTCGCCATGGG,6.0,0.0,0.0,GAACTCAGGAGTCGCGCGCTNGG,GAACTCAGGAGTCGCGCGCTNGG,NCOA2,intergenic | 5543bp from NCOA2,NA12878,70104232.0,70104234.0,CAAGGCAGAGAAAGGGCTAATCAGACCCATGGCGAGACTCCTTCGTCCCACCGCGATTCAAA,1,0.42900000000000005
chr16:1465364+,48.0,0.0,GCGCTCAGGCGTCGCACGCTCTG,0.0,0.0,GCGCTCAGGCGTCGCACGCTCTG,5.0,0.0,0.0,GAACTCAGGAGTCGCGCGCTNGG,GAACTCAGGAGTCGCGCGCTNGG,CLCN7,intron,NA12878,1465380.0,1465382.0,GAGAAATCATGAGGGCGCTCAGGCGTCGCACGCTCTGCTCCGTGGATTCTCACTCCCGCCGC,1,0.42900000000000005
chr9:131659076+,47.0,0.0,GGGCTCAGAAGTCGAGCACTGGG,0.0,0.0,GGGCTCAGAAGTCGAGCACTGGG,5.0,0.0,0.0,GAACTCAGGAGTCGCGCGCTNGG,GAACTCAGGAGTCGCGCGCTNGG,RAPGEF1,intron,NA12878,131659092.0,131659094.0,CCCTGTCTTCTACTGGGCTCAGAAGTCGAGCACTGGGAAGGATTTAGAGATCACTTACTTAA,1,0.42
chr10:4241037+,46.0,0.0,GAATTCAGGAGTCGGCCCTGGG,0.0,0.0,GAATTCAGGAGTCG-GCCCTGGG,2.0,1.0,0.0,GAACTCAGGAGTCGCGCGCTNGG,GAACTCAGGAGTCGCGCGCTNGG,LINC00702,non-coding RNA,NA12878,4241052.0,4241054.0,GATGGCATGGAGGAGGAATTCAGGAGTCGGCCCTGGGAAGCACAGATGGATTGAAGTCAGGC,1,0.411
chr2:96960848+,45.0,0.0,GGGCCCAGGAGAGGAGCGCTGGG,0.0,0.0,GGGCCCAGGAGAGGAGCGCTGGG,6.0,0.0,0.0,GAACTCAGGAGTCGCGCGCTNGG,GAACTCAGGAGTCGCGCGCTNGG,FAM178B,intron,NA12878,96960864.0,96960866.0,GGGCGGCTCCATAAGGGCCCAGGAGAGGAGCGCTGGGTGCGGCCAGTGTCGGGGACGGCATC,1,0.402
chr3:184180524+,45.0,0.0,TTCCTCAGGAGGAGCGAGCTTGG,0.0,0.0,TTCCTCAGGAGGAGCGAGCTTGG,6.0,0.0,0.0,GAACTCAGGAGTCGCGCGCTNGG,GAACTCAGGAGTCGCGCGCTNGG,AP2M1,intron,NA12878,184180540.0,184180542.0,CTTGAGGCCTGGTATTCCTCAGGAGGAGCGAGCTTGGGCCCTCTCCTCTAGGATCCAAGCCT,1,0.402
chr11:70878069+,45.0,0.0,GGCCTCAGGAGCAGGGCACTGGG,0.0,0.0,GGCCTCAGGAGCAGGGCACTGGG,6.0,0.0,0.0,GAACTCAGGAGTCGCGCGCTNGG,GAACTCAGGAGTCGCGCGCTNGG,SHANK2,intron,NA12878,70878085.0,70878087.0,GCCGCCATTGACTTGGCCTCAGGAGCAGGGCACTGGGGGTCCCAGACACAGGAAGGAAGGTG,1,0.402
chr7:35768640+,44.0,0.0,GTTCGCAGGAGTTTCGCTCTTGG,0.0,0.0,GTTCGCAGGAGTTTCGCTCTTGG,6.0,0.0,0.0,GAACTCAGGAGTCGCGCGCTNGG,GAACTCAGGAGTCGCGCGCTNGG,SEPTIN7-DT,non-coding RNA,NA12878,35768656.0,35768659.0,GCTTGCAGGGCCATGTTCGCAggagtttcgctcttggtgcccaggctggtgcaatagcgcgat,1,0.393
chr14:33558811-,44.0,0.0,AAATACAGGAAACCCGCGCTAGG,0.0,0.0,AAATACAGGAAACCCGCGCTAGG,6.0,0.0,0.0,GAACTCAGGAGTCGCGCGCTNGG,GAACTCAGGAGTCGCGCGCTNGG,NPAS3,intron,NA12878,33558816.0,33558818.0,ATTTAGTGTTTTCATACACCTTGCTCCTAGCGCGGGTTTCCTGTATTTGCAAATTCACGGCC,1,0.393
chr15:86077439+,43.0,0.0,GAATTCAGGAGAGGGGAGTTCGG,0.0,0.0,GAATTCAGGAGAGGGGAGTTCGG,6.0,0.0,0.0,GAACTCAGGAGTCGCGCGCTNGG,GAACTCAGGAGTCGCGCGCTNGG,AGBL1,intergenic | 2169bp from AGBL1,NA12878,86077455.0,86077457.0,CTGTCATTAAGATAGAATTCAGGAGAGGGGAGTTCGGGTGTGGGTACTTCTGGGGCTTTCCC,1,0.385
chr2:186962352+,40.0,0.0,GAACTCAGAGCAGCGCGCCGGG,0.0,0.0,GAACTCAG-AGCAGCGCGCCGGG,3.0,1.0,0.0,GAACTCAGGAGTCGCGCGCTNGG,GAACTCAGGAGTCGCGCGCTNGG,CALCRL-AS1,intergenic | 40909bp from CALCRL-AS1,NA12878,186962367.0,186962369.0,ggctcggcaggccccgaactcagagcagcgcgccgggcagtgaagggcttagcacccaggcc,1,0.358
chr4:59060476-,39.0,0.0,CAGCCCAGGAGTCGCGGGCCAGG,0.0,0.0,CAGCCCAGGAGTCGCGGGCCAGG,5.0,0.0,0.0,GAACTCAGGAGTCGCGCGCTNGG,GAACTCAGGAGTCGCGCGCTNGG,LINC02429,intergenic | 13528bp from LINC02429,NA12878,59060481.0,59060483.0,aactctttcagttccattgctccgacctggcccgcgactcctgggctgggtcctgaggctgt,1,0.349
chr7:39465579-,39.0,0.0,GACCCCAGGAGCCACGCGCGAGG,22.0,0.0,GACCCCAGGAGCCACGCGCGAGG,5.0,0.0,0.0,GAACTCAGGAGTCGCGCGCTNGG,GAACTCAGGAGTCGCGCGCTNGG,POU6F2,3utr,NA12878,39465584.0,39465586.0,CTCTTTTCCTCCATTTCTCCATCTCCCTCGCGCGTGGCTCCTGGGGTCTGCTGGAAGGCCAC,2,0.5459999999999999
chr9:79161096-,38.0,0.0,GCTGCCAGGAGTCCCGCCCTCGG,0.0,0.0,GCTGCCAGGAGTCCCGCCCTCGG,6.0,0.0,0.0,GAACTCAGGAGTCGCGCGCTNGG,GAACTCAGGAGTCGCGCGCTNGG,LOC101927450,intergenic | 15441bp from LOC101927450,NA12878,79161101.0,79161103.0,AAGCCAGAAATAATAGAAATTGGGGCCGAGGGCGGGACTCCTGGCAGCATTTGAACTTGATT,1,0.33999999999999997
chr15:75323398+,38.0,0.0,GGGCCCAGGAGACCCGCGCTCAG,0.0,0.0,GGGCCCAGGAGACCCGCGCTCAG,6.0,0.0,0.0,GAACTCAGGAGTCGCGCGCTNGG,GAACTCAGGAGTCGCGCGCTNGG,COMMD4,intergenic | 12653bp from COMMD4,NA12878,75323414.0,75323416.0,agggaaagaacagtgggcccaggagacccgcgctcagcataccgaggacctgcaccggcacc,1,0.33999999999999997
chr12:100717676-,37.0,0.0,CCCCTCAGGAGCGGCGCGCACGG,0.0,0.0,CCCCTCAGGAGCGGCGCGCACGG,6.0,0.0,0.0,GAACTCAGGAGTCGCGCGCTNGG,GAACTCAGGAGTCGCGCGCTNGG,ANO4,intergenic | 77088bp from ANO4,NA12878,100717681.0,100717683.0,GGTCTGGAAGGGAGGGAGACGGCGGCCGTGCGCGCCGCTCCTGAGGGGCCGATGTTCCGCGG,1,0.331
chr1:21509772+,36.0,0.0,GAACTCAGGGGACCGCGCTCGG,0.0,0.0,GAACTCAGGGGAC-CGCGCTCGG,2.0,1.0,0.0,GAACTCAGGAGTCGCGCGCTNGG,GAACTCAGGAGTCGCGCGCTNGG,ALPL,intron,NA12878,21509787.0,21509789.0,GCCCGCGGAGCCGGCGAACTCAGGGGACCGCGCTCGGGACCGCCCTGCAGTCCCAGGGTCTC,1,0.322
chr2:172085022-,36.0,0.0,GGAGCGCGGAGTCGCGCACTGGG,101.0,0.0,GAGCGC-GGAGTCGCGCACTGGG,3.0,1.0,0.0,GAACTCAGGAGTCGCGCGCTNGG,GAACTCAGGAGTCGCGCGCTNGG,DLX1,intergenic | 473bp from DLX1,NA12878,172085027.0,172085029.0,CTGTCTGTTGGCCGCCTCGGGCGCCCCCAGTGCGCGACTCCGCGCTCCAGAGGCAGAGGTCA,2,1.225
chr16:3086747+,36.0,0.0,GGACTCAGGAGTCCCCCACTAGG,0.0,0.0,GGACTCAGGAGTCCCCCACTAGG,4.0,0.0,0.0,GAACTCAGGAGTCGCGCGCTNGG,GAACTCAGGAGTCGCGCGCTNGG,ZSCAN10,intergenic | 2131bp from ZSCAN10,NA12878,3086763.0,3086765.0,GGCTGGGGCAGAGCGGACTCAGGAGTCCCCCACTAGGCCCTGGTTTCAGGGGAGAGGCAAGA,1,0.322
chr2:100440231-,35.0,0.0,TGAGTCAGGTGTCGCGCGCGGGT,0.0,0.0,TGAGTCAGGTGTCGCGCGCGGGT,6.0,0.0,0.0,GAACTCAGGAGTCGCGCGCTNGG,GAACTCAGGAGTCGCGCGCTNGG,CHST10,intergenic | 22574bp from CHST10,NA12878,100440237.0,100440239.0,gccgcagcaccgttcatgggctgcacccgcgcgcgacacctgactcactaccggtcttccta,1,0.313
chr1:3031562-,34.0,0.0,GAATCCAGGAGTCGCCTGCTGGG,0.0,0.0,GAATCCAGGAGTCGCCTGCTGGG,4.0,0.0,0.0,GAACTCAGGAGTCGCGCGCTNGG,GAACTCAGGAGTCGCGCGCTNGG,ACTRT2,intergenic | 8670bp from ACTRT2,NA12878,3031567.0,3031572.0,GGGGGGCCGGCCAGCCACAAGGACGCCCAGCAGGCGACTCCTGGATTCACCCCCTCCCCACCATT,1,0.304
chr20:34111923-,33.0,0.0,GGACTCCGGAGCCGCAGGCTTGG,0.0,0.0,GGACTCCGGAGCCGCAGGCTTGG,5.0,0.0,0.0,GAACTCAGGAGTCGCGCGCTNGG,GAACTCAGGAGTCGCGCGCTNGG,EIF2S2,intron,NA12878,34111928.0,34111930.0,CCGCCCTGAGGAAAGCGGGCTGCGGCCAAGCCTGCGGCTCCGGAGTCCTCGCCGGCTCTGCC,1,0.295
chr2:11815436+,33.0,0.0,AGACTCAGGAGCTTGGCGCTTGG,0.0,0.0,AGACTCAGGAGCTTGGCGCTTGG,6.0,0.0,0.0,GAACTCAGGAGTCGCGCGCTNGG,GAACTCAGGAGTCGCGCGCTNGG,LPIN1,intron,NA12878,11815452.0,11815454.0,TTCAGGCCGAGTCCAGACTCAGGAGCTTGGCGCTTGGTGGCTCCTCATGGCCTGCGCCTCCC,1,0.295
chr10:18350539+,32.0,0.0,TCCCTCAGGAGTAGCGCTTTAGG,202.0,0.0,TCCCTCAGGAGTAGCGCTTTAGG,6.0,0.0,0.0,GAACTCAGGAGTCGCGCGCTNGG,GAACTCAGGAGTCGCGCGCTNGG,CACNB2,intron,NA12878,18350555.0,18350557.0,AGAGCAGCCGACGTTCCCTCAGGAGTAGCGCTTTAGGTTCCCTTAATCTTCACCCAGGGGTA,2,2.093
chr17:48037568-,32.0,0.0,CAACTCAGAACTCGCGCGCCCGG,75.0,0.0,CAACTCAGAACTCGCGCGCCCGG,4.0,0.0,0.0,GAACTCAGGAGTCGCGCGCTNGG,GAACTCAGGAGTCGCGCGCTNGG,COPZ2,intron,NA12878,48037573.0,48037575.0,AGGGGTGACACAAAGTTCCCAGCCGCCGGGCGCGCGAGTTCTGAGTTGGCTGCTCCCCCTAA,2,0.9570000000000001
chr11:49191059+,32.0,0.0,GAGGTCAGGAGGCGCGATCTCGG,0.0,0.0,GAGGTCAGGAGGCGCGATCTCGG,5.0,0.0,0.0,GAACTCAGGAGTCGCGCGCTNGG,GAACTCAGGAGTCGCGCGCTNGG,FOLH1,intron,NA12878,49191075.0,49191077.0,CAGGCAGATCACCTGAGGTCAGGAggcgcgatctcggctcactgcaagctccacctcccgcg,1,0.28600000000000003
chr20:48564353-,30.0,0.0,GGGCTCAGGGGGCCCGCACTCGG,0.0,0.0,GGGCTCAGGGGGCCCGCACTCGG,6.0,0.0,0.0,GAACTCAGGAGTCGCGCGCTNGG,GAACTCAGGAGTCGCGCGCTNGG,PREX1,intergenic | 59887bp from PREX1,NA12878,48564358.0,48564360.0,ggggcttgcaggccggccagccgctccgagtgcgggccccctgagcccacgcccacccggaa,1,0.268
chr20:381816-,30.0,0.0,CAAACCCGGAGCCGCGCACTGGG,0.0,0.0,CAAACCCGGAGCCGCGCACTGGG,6.0,0.0,0.0,GAACTCAGGAGTCGCGCGCTNGG,GAACTCAGGAGTCGCGCGCTNGG,TRIB3,intron,NA12878,381821.0,381823.0,TGGCCCGGCAGGGCCGCTGGTTCTCCCCAGTGCGCGGCTCCGGGTTTGCAGGTGGACGGTGC,1,0.268
chr14:91284639-,30.0,0.0,CATCTCATGAGCCTCGCTCTGGG,0.0,0.0,CATCTCATGAGCCTCGCTCTGGG,6.0,0.0,0.0,GAACTCAGGAGTCGCGCGCTNGG,GAACTCAGGAGTCGCGCGCTNGG,CCDC88C,intron,NA12878,91284644.0,91284646.0,CCCGGCACCACGGCAGCCCAGGGTTCCCAGAGCGAGGCTCATGAGATGAAGTCAGTGGCACA,1,0.268
chr3:48859737+,30.0,0.0,GAGGCCAGGAGGTCCGCGCTTGG,0.0,0.0,GAGGCCAGGAGGTCCGCGCTTGG,6.0,0.0,0.0,GAACTCAGGAGTCGCGCGCTNGG,GAACTCAGGAGTCGCGCGCTNGG,SLC25A20,intron,NA12878,48859753.0,48859755.0,cagggggattgcttgaggccaggaggtcCGCGCTTGGCCTGAATTATTAGTAAAATTGTTTT,1,0.268
chr18:78934493-,29.0,0.0,AATCCCAGGAGTTCGGCGCTCGG,0.0,0.0,AATCCCAGGAGTTCGGCGCTCGG,6.0,0.0,0.0,GAACTCAGGAGTCGCGCGCTNGG,GAACTCAGGAGTCGCGCGCTNGG,LINC01896,intergenic | 42050bp from LINC01896,NA12878,78934498.0,78934500.0,CTGTGGAGAGCAGGGTGGCGAGAATCCGAGCGCCGAACTCCTGGGATTCTGTTTCTCACTCT,1,0.259
chr16:89710974+,29.0,0.0,CGCCTCAGGAGCTGCGCGATCGG,35.0,0.0,CGCCTCAGGAGCTGCGCGATCGG,6.0,0.0,0.0,GAACTCAGGAGTCGCGCGCTNGG,GAACTCAGGAGTCGCGCGCTNGG,VPS9D1,exon,NA12878,89710990.0,89710992.0,CGGAGCACTGCAGCCGCCTCAGGAGCTGCGCGATCGGGTGGTCGGGGAGGCTGCGGGAGAAG,2,0.5720000000000001
chr15:67380989+,29.0,0.0,GAAACTAGGAGTCACCCACTGGG,44.0,0.0,GAAACTAGGAGTCACCCACTGGG,6.0,0.0,0.0,GAACTCAGGAGTCGCGCGCTNGG,GAACTCAGGAGTCGCGCGCTNGG,IQCH,intron,NA12878,67381005.0,67381007.0,CTTGGGAGACAAAAGAAACTAGGAGTCACCCACTGGGTAAGAAGCTGAGTTTTCAAGAACGT,2,0.653
chr8:10734510-,29.0,0.0,GAGGTCAGGAGCCGTGCGCTGGG,75.0,0.0,GAGGTCAGGAGCCGTGCGCTGGG,4.0,0.0,0.0,GAACTCAGGAGTCGCGCGCTNGG,GAACTCAGGAGTCGCGCGCTNGG,LOC102723313,non-coding RNA,NA12878,10734515.0,10734517.0,CGGCTACAAAGGCCAGAGCACAGACCCCAGCGCACGGCTCCTGACCTCACGCCTGGACTACC,2,0.9299999999999999
chrX:53078525+,28.0,0.0,GAACTGAAGAGACCCACACTTGG,0.0,0.0,GAACTGAAGAGACCCACACTTGG,6.0,0.0,0.0,GAACTCAGGAGTCGCGCGCTNGG,GAACTCAGGAGTCGCGCGCTNGG,GPR173,3utr,NA12878,53078542.0,53078543.0,AGCTGAACTCCTCGAACTGAAGAGACCCACACTTGGTCACATTCTCTCACGCTGCCTTCAG,1,0.25
chr14:31207617-,27.0,0.0,GGCCTGAGGAGCCGCGTGCTGGG,0.0,0.0,GGCCTGAGGAGCCGCGTGCTGGG,5.0,0.0,0.0,GAACTCAGGAGTCGCGCGCTNGG,GAACTCAGGAGTCGCGCGCTNGG,HECTD1,5utr,NA12878,31207622.0,31207624.0,GGCAGCAGCCAGCGGACGTCCAGTCCCCAGCACGCGGCTCCTCAGGCCCTGCAACTCAGAGG,1,0.241
chr11:6716588-,27.0,0.0,GAGCTGAGGAGTCACGTGCTGGG,0.0,0.0,GAGCTGAGGAGTCACGTGCTGGG,4.0,0.0,0.0,GAACTCAGGAGTCGCGCGCTNGG,GAACTCAGGAGTCGCGCGCTNGG,GVINP1,non-coding RNA,NA12878,6716593.0,6716595.0,CTGGTTGATCAGCTGGTTCTGCAAGCCCAGCACGTGACTCCTCAGCTCCCAGGTCCAGTGGT,1,0.241
chr19:53596967+,27.0,0.0,GAACTCGTGATTCGCCCGCCTCG,0.0,0.0,GAACTCGTGATTCGCCCGCCTCG,6.0,0.0,0.0,GAACTCAGGAGTCGCGCGCTNGG,GAACTCAGGAGTCGCGCGCTNGG,LOC284379,intergenic | 2652bp from LOC284379,NA12878,53596984.0,53596986.0,gtcttgatctcctgaactcgtgattcgcccgcctcggcctcccaaagtgcttggattacagg,1,0.241
chr6:165660814+,27.0,0.0,TGGCTCCGGAGCCGCGCTCTGGG,18.0,0.0,TGGCTCCGGAGCCGCGCTCTGGG,6.0,0.0,0.0,GAACTCAGGAGTCGCGCGCTNGG,GAACTCAGGAGTCGCGCGCTNGG,PDE10A,intron,NA12878,165660830.0,165660832.0,CACGCGGTGGACGGTGGCTCCGGAGCCGCGCTCTGGGCCGCGGGAAGCCGCACCCGCCCCGA,2,0.402
chr11:10450462+,27.0,0.0,GACCCCCAGAGTCTCGCGCTGGG,154.0,0.0,GACCCCCAGAGTCTCGCGCTGGG,5.0,0.0,0.0,GAACTCAGGAGTCGCGCGCTNGG,GAACTCAGGAGTCGCGCGCTNGG,AMPD3,5utr,NA12878,10450478.0,10450480.0,CTGTGCGGGGCCGAGACCCCCAGAGTCTCGCGCTGGGAAAAGTTGTGCGGGGAGGGGAGGAC,2,1.619
chr2:95293497+,26.0,0.0,GAGCCAAGGAGTCAGGCGCTGAG,0.0,0.0,GAGCCAAGGAGTCAGGCGCTGAG,6.0,0.0,0.0,GAACTCAGGAGTCGCGCGCTNGG,GAACTCAGGAGTCGCGCGCTNGG,PROM2,intergenic | 2206bp from PROM2,NA12878,95293513.0,95293515.0,AAGGGCTGGAGTGGGAGCCAAGGAGTCAGGCGCTGAGGTTAGAGGAGGGAGGTTTCAGAGAG,1,0.233
chr2:85767149-,25.0,0.0,GGCCTCAGGAGTCCCAGGCTGGG,35.0,0.0,GGCCTCAGGAGTCCCAGGCTGGG,5.0,0.0,0.0,GAACTCAGGAGTCGCGCGCTNGG,GAACTCAGGAGTCGCGCGCTNGG,ATOH8,intron,NA12878,85767154.0,85767156.0,GTTTTATTTTCTTCGTTTTGTGCCTCCCAGCCTGGGACTCCTGAGGCCCCACCTCCATTTAC,2,0.5369999999999999
chr15:52277941+,24.0,0.0,GAGCTCAGGAGCTGCGGCTGGG,0.0,0.0,GAGCTCAGGAGCTGCG-GCTGGG,3.0,1.0,0.0,GAACTCAGGAGTCGCGCGCTNGG,GAACTCAGGAGTCGCGCGCTNGG,MYO5C,intron,NA12878,52277956.0,52277958.0,GACATAAAGCGGAGGGAGCTCAGGAGCTGCGGCTGGGGTTATGCAGTAAAGATTTAGGTAAA,1,0.215
chr5:72463066+,24.0,0.0,TAACTCAGGGCTCTAGCCCTTGG,22.0,0.0,TAACTCAGGGCTCTAGCCCTTGG,6.0,0.0,0.0,GAACTCAGGAGTCGCGCGCTNGG,GAACTCAGGAGTCGCGCGCTNGG,ZNF366,intron,NA12878,72463082.0,72463084.0,ATAGAGTCTTAGACTAACTCAGGGCTCTAGCCCTTGGGATTGTCTACAAACAAGGCAATATG,2,0.411
chr2:233975315+,23.0,0.0,ACACTCAGGAGACCAGCGCTGGG,0.0,0.0,ACACTCAGGAGACCAGCGCTGGG,5.0,0.0,0.0,GAACTCAGGAGTCGCGCGCTNGG,GAACTCAGGAGTCGCGCGCTNGG,TRPM8,intron,NA12878,233975331.0,233975333.0,GAGTGGCCATGGTAACACTCAGGAGACCAGCGCTGGGGAGCTGGAGAGGAACCCTGCCCACA,1,0.20600000000000002
chr6:14783856-,23.0,0.0,GGACTCAGTGGCCCCGCACTCGG,22.0,0.0,GGACTCAGTGGCCCCGCACTCGG,6.0,0.0,0.0,GAACTCAGGAGTCGCGCGCTNGG,GAACTCAGGAGTCGCGCGCTNGG,LOC105374943,intergenic | 390006bp from LOC105374943,NA12878,14783861.0,14783863.0,cttgcgggccggccggcttgccgttccgagtgcggggccactgagtccacgcccacccggaa,2,0.402
chr13:44015499-,23.0,0.0,GCACTCAGCAGCCACGCCCAAGG,0.0,0.0,GCACTCAGCAGCCACGCCCAAGG,6.0,0.0,0.0,GAACTCAGGAGTCGCGCGCTNGG,GAACTCAGGAGTCGCGCGCTNGG,NRAD1,intergenic | 6824bp from NRAD1,NA12878,44015504.0,44015506.0,CCCTGATGTTAGGACGCTGTTGGGGCCTTGGGCGTGGCTGCTGAGTGCCCAGTCTCTGGAAG,1,0.20600000000000002
chr17:35373539+,22.0,0.0,CAACTCCGGAGTCCCAGGCTGGG,22.0,0.0,CAACTCCGGAGTCCCAGGCTGGG,5.0,0.0,0.0,GAACTCAGGAGTCGCGCGCTNGG,GAACTCAGGAGTCGCGCGCTNGG,SLFN11,intron,NA12878,35373555.0,35373557.0,CACGGGTAGAAACGCAACTCCGGAGTCCCAGGCTGGGGGCAAGGACCCTCTCTGACCTCTCA,2,0.393
chrX:68878232+,21.0,0.0,AATGTCAGGAGCCGAGGGCTGGG,0.0,0.0,AATGTCAGGAGCCGAGGGCTGGG,6.0,0.0,0.0,GAACTCAGGAGTCGCGCGCTNGG,GAACTCAGGAGTCGCGCGCTNGG,EFNB1,intergenic | 36083bp from EFNB1,NA12878,68878248.0,68878250.0,TTGGGGGGTCCAAAAATGTCAGGAGCCGAGGGCTGGGCTAGTGAGAGAGAGGAGATTGTCTG,1,0.188
chr1:43603194-,21.0,0.0,CATCCCAGGAGCCGCACGCCTGG,0.0,0.0,CATCCCAGGAGCCGCACGCCTGG,6.0,0.0,0.0,GAACTCAGGAGTCGCGCGCTNGG,GAACTCAGGAGTCGCGCGCTNGG,PTPRF,intron,NA12878,43603199.0,43603202.0,TGAAAAGAATAATGAGCTGTCTGCCCCAGGCGTGCGGCTCCTGGGATGGGCGGGGTCCTCCCA,1,0.188
chr22:19884394-,20.0,0.0,AGATTCTGGAGTCCCGCGCTTAG,70.0,0.0,AGATTCTGGAGTCCCGCGCTTAG,6.0,0.0,0.0,GAACTCAGGAGTCGCGCGCTNGG,GAACTCAGGAGTCGCGCGCTNGG,TXNRD2,intron,NA12878,19884399.0,19884401.0,TGGGGCTCCCTGACATCAAAGAGTGCTAAGCGCGGGACTCCAGAATCTTCCGCATGCCCAGG,2,0.8049999999999999
chr17:42392010-,20.0,0.0,GACCTCAGGATTCGCCCGCCTCG,0.0,0.0,GACCTCAGGATTCGCCCGCCTCGG,3.0,0.0,1.0,GAACTCAGGAGTCGCGCGCTNGG,GAACTCAGGAGTCGCGCGC-TNGG,STAT3,intergenic | 3579bp from STAT3,NA12878,42392014.0,42392016.0,cctgtaatcccagcattttgggaggccgaggcgggcgaatcctgaggtcaggagttcgagac,1,0.179
chr4:37602621+,20.0,0.0,GCTTACAGCAGTCGCGCCCTCGG,44.0,0.0,GCTTACAGCAGTCGCGCCCTCGG,6.0,0.0,0.0,GAACTCAGGAGTCGCGCGCTNGG,GAACTCAGGAGTCGCGCGCTNGG,RELL1,intron,NA12878,37602637.0,37602639.0,TTACCAAACATGCCGCTTACAGCAGTCGCGCCCTCGGTAGGGGTGGATGAGAAGACAGAGGA,2,0.5720000000000001
chr7:23488398+,19.0,0.0,GAACTCAGGAGTCGCAGGTTGCA,0.0,0.0,GAACTCAGGAGTCGCAGG-TTGC,3.0,1.0,0.0,GAACTCAGGAGTCGCGCGCTNGG,GAACTCAGGAGTCGCGCGCTNGG,RPS2P32,intergenic | 1978bp from RPS2P32,NA12878,23488409.0,23488411.0,gaggcagggagaattccttgaactcaggagtcgcaggttgcagtgagccaagattgtgccac,1,0.16999999999999998
chr1:43532275-,19.0,0.0,CAACTCAGGGGCCGTGCACTGGG,88.0,0.0,CAACTCAGGGGCCGTGCACTGGG,5.0,0.0,0.0,GAACTCAGGAGTCGCGCGCTNGG,GAACTCAGGAGTCGCGCGCTNGG,PTPRF,intron,NA12878,43532280.0,43532281.0,CTCCCCATTTCAAGCCCCCCTGCCCCCCAGTGCACGGCCCCTGAGTTGGAGCAGGTTGGGG,2,0.9570000000000001
chr1:53738652+,19.0,0.0,GAAAACAGGAGTCCCAAGCTGGG,70.0,0.0,GAAAACAGGAGTCCCAAGCTGGG,5.0,0.0,0.0,GAACTCAGGAGTCGCGCGCTNGG,GAACTCAGGAGTCGCGCGCTNGG,GLIS1,intron,NA12878,53738668.0,53738670.0,ACCACCCGAACCTGGAAAACAGGAGTCCCAAGCTGGGCGCTGAATCCTGCGACGCGAACCCA,2,0.796
chr7:152328063-,18.0,0.0,GAACTCTGAAGACACGCACTTTG,0.0,0.0,GAACTCTGAAGACACGCACTTTG,6.0,0.0,0.0,GAACTCAGGAGTCGCGCGCTNGG,GAACTCAGGAGTCGCGCGCTNGG,KMT2C,intron,NA12878,152328068.0,152328070.0,cagtgtggtgaacaaagcccaccaacaaagtgcgtgtcttcagagttcacatgacagtcaaa,1,0.161
chr2:15654890+,17.0,0.0,GGAGTCAGGAGCCCCACACTAGG,13.0,0.0,GGAGTCAGGAGCCCCACACTAGG,6.0,0.0,0.0,GAACTCAGGAGTCGCGCGCTNGG,GAACTCAGGAGTCGCGCGCTNGG,DDX1,intergenic | 23800bp from DDX1,NA12878,15654906.0,15654908.0,CAGGAGCCTCCTATGGAGTCAGGAGCCCCACACTAGGGCGAGGTGTGTTCCTCCCCTTTCTC,2,0.268
chr18:78827041-,17.0,0.0,GGACTCAGAACTCTTGTGCTTGG,0.0,0.0,GGACTCAGAACTCTTGTGCTTGG,6.0,0.0,0.0,GAACTCAGGAGTCGCGCGCTNGG,GAACTCAGGAGTCGCGCGCTNGG,LINC01896,intergenic | 149502bp from LINC01896,NA12878,78827047.0,78827049.0,AAAACCAATTGCAGATTCTTTGTCCCAAGCACAAGAGTTCTGAGTCCCATTTTCAGTCTGCT,1,0.152
chr1:229000514+,17.0,0.0,GATCTCAGGAGTTGGGTGAGTGG,0.0,0.0,GATCTCAGGAGTTGGGTGAGTGG,6.0,0.0,0.0,GAACTCAGGAGTCGCGCGCTNGG,GAACTCAGGAGTCGCGCGCTNGG,LINC02815,intergenic | 86574bp from LINC02815,NA12878,229000522.0,229000524.0,gtgatcagcagcttccagataagatctcaggagttgggtgagtggacccaacacgcgcacta,1,0.152
chr10:46106717+,17.0,0.0,CAAGTTCAGAGCCGCGCGCTGGG,0.0,0.0,CAAGTTCAGAGCCGCGCGCTGGG,6.0,0.0,0.0,GAACTCAGGAGTCGCGCGCTNGG,GAACTCAGGAGTCGCGCGCTNGG,AGAP7P,intergenic | 2766bp from AGAP7P,NA12878,46106733.0,46106735.0,CAGGGCTCTGGCGCCAAGTTCAGAGCCGCGCGCTGGGCGCTTGGCGGTGGCGGCCGCGTCTG,1,0.152
chr10:133132925+,16.0,0.0,CAGCTCAGCAGCCACACGCTAGG,0.0,0.0,CAGCTCAGCAGCCACACGCTAGG,6.0,0.0,0.0,GAACTCAGGAGTCGCGCGCTNGG,GAACTCAGGAGTCGCGCGCTNGG,ADGRA1,intergenic | 1261bp from ADGRA1,NA12878,133132941.0,133132943.0,GCCTTGGCAGAAGGCAGCTCAGCAGCCACACGCTAGGCTGCAGTGTCGCCCATCAGTGACAG,1,0.14300000000000002
chr14:103107333+,15.0,0.0,GGGGTCAGGAGTGGCACACTGGG,0.0,0.0,GGGGTCAGGAGTGGCACACTGGG,6.0,0.0,0.0,GAACTCAGGAGTCGCGCGCTNGG,GAACTCAGGAGTCGCGCGCTNGG,EXOC3L4,intron,NA12878,103107349.0,103107351.0,AACCCAGGAGGGAAGGGGTCAGGAGTGGCACACTGGGCTTCGAGGGAGGGGTTACGTTGCGG,1,0.134
chr4:40171271+,14.0,0.0,GAAACCAGGAGACGAGCTCTAGG,0.0,0.0,GAAACCAGGAGACGAGCTCTAGG,5.0,0.0,0.0,GAACTCAGGAGTCGCGCGCTNGG,GAACTCAGGAGTCGCGCGCTNGG,N4BP2,intergenic | 13030bp from N4BP2,NA12878,40171287.0,40171289.0,CAAAAACTAGCCAGGAAACCAGGAGACGAGCTCTAGGAGAAGGCTGCCAATACCACTGGCAG,1,0.125
chr16:3675308+,14.0,0.0,GAACTCAGGGCTCACCTGCAAGG,0.0,0.0,GAACTCAGGGCTCACCTGCAAGG,6.0,0.0,0.0,GAACTCAGGAGTCGCGCGCTNGG,GAACTCAGGAGTCGCGCGCTNGG,TRAP1,intron,NA12878,3675303.0,3675307.0,ACAGATTTGTCTCCATGTTTGACCAGTCCCTAGAGGAACTCAGGGCTCACCTGCAAGGTGTTCA,1,0.125
chr20:17923550+,13.0,0.0,CAACTCAGAAGTCGGGCGCTAGA,57.0,0.0,CAACTCAGAAGTCGGGCGCTAGA,4.0,0.0,0.0,GAACTCAGGAGTCGCGCGCTNGG,GAACTCAGGAGTCGCGCGCTNGG,SNX5,intergenic | 18038bp from SNX5,NA12878,17923566.0,17923568.0,TCAGTCTACCCTCTCAACTCAGAAGTCGGGCGCTAGAATGTTACCCTACGTTAGATTCTGAA,2,0.626
chr19:41090283+,13.0,0.0,CAGCCCTGGAGTCTGGCGCTGGG,0.0,0.0,CAGCCCTGGAGTCTGGCGCTGGG,6.0,0.0,0.0,GAACTCAGGAGTCGCGCGCTNGG,GAACTCAGGAGTCGCGCGCTNGG,CYP2A13,intron,NA12878,41090299.0,41090301.0,GGGGCCCGCACTTCCAGCCCTGGAGTCTGGCGCTGGGATTCGGCTCAACAGGGCCCTGCCTC,1,0.116
chr15:100304248-,12.0,0.0,GGAGCCAGGAGTCCAGTGCTTGG,0.0,0.0,GGAGCCAGGAGTCCAGTGCTTGG,6.0,0.0,0.0,GAACTCAGGAGTCGCGCGCTNGG,GAACTCAGGAGTCGCGCGCTNGG,ADAMTS17,intron,NA12878,100304253.0,100304255.0,tccttagggcacaaccccttctcctccaagcactggactcctggctccactgtcttctggga,1,0.107
chr17:52159625-,12.0,0.0,GCCCTGGAGAGCCGCGCGCTGGG,0.0,0.0,GCCCTGGAGAGCCGCGCGCTGGG,6.0,0.0,0.0,GAACTCAGGAGTCGCGCGCTNGG,GAACTCAGGAGTCGCGCGCTNGG,CA10,intron,NA12878,52159630.0,52159632.0,ACCCGCGCGCGCACACACACACACACCCAGCGCGCGGCTCTCCAGGGCCCCAGGGGAAAGTA,1,0.107
chr3:23599206+,12.0,0.0,GCACTAAGGAGGGACGCACTGGG,0.0,0.0,GCACTAAGGAGGGACGCACTGGG,6.0,0.0,0.0,GAACTCAGGAGTCGCGCGCTNGG,GAACTCAGGAGTCGCGCGCTNGG,UBE2E2,intergenic | 7292bp from UBE2E2,NA12878,23599222.0,23599224.0,ttacaggtggaaaagcactAAGGAGGGACGCACTGGGGTCACAAGCcttttggtaggaaggg,1,0.107
chr10:50624156+,12.0,0.0,AAACTGAGGAGGCGGGCGCTTTC,0.0,0.0,AAACTGAGGAGGCGGGCGCTTTC,6.0,0.0,0.0,GAACTCAGGAGTCGCGCGCTNGG,GAACTCAGGAGTCGCGCGCTNGG,SGMS1,intergenic | 211bp from SGMS1,NA12878,50624149.0,50624151.0,AGTTTGGGCCCCTTGAATTTTACTTTCAAGTAATGGGAAACTGAGGAGGCGGGCGCTTTCCC,1,0.107
chr2:125812694-,10.0,0.0,GAACCCAGGAGGCGGAGCTTGG,0.0,0.0,GAACCCAGGAGGCG-GAGCTTGG,3.0,1.0,0.0,GAACTCAGGAGTCGCGCGCTNGG,GAACTCAGGAGTCGCGCGCTNGG,LINC01941,intergenic | 297393bp from LINC01941,NA12878,125812681.0,125812686.0,ctgtcgcccaggctggagtgcagtgacgcgatctcggctcactccaagctccgcctcctgggttc,1,0.089
chr16:29805819+,9.0,0.0,CGTCTCAGGGGTCTCGCGCTCGG,18.0,0.0,GT-CTCAGGGGTCTCGCGCTCGG,3.0,1.0,0.0,GAACTCAGGAGTCGCGCGCTNGG,GAACTCAGGAGTCGCGCGCTNGG,MAZ,intergenic | 293bp from MAZ,NA12878,29805835.0,29805837.0,AGCCAATCAGCAGCCGTCTCAGGGGTCTCGCGCTCGGGGCGACTCGGGCTGCTGGGTGGCTC,2,0.241
chr8:12436957+,9.0,0.0,GCGCTCAGGAGGCGGGCCCTGGG,0.0,0.0,GCGCTCAGGAGGCGGGCCCTGGG,5.0,0.0,0.0,GAACTCAGGAGTCGCGCGCTNGG,GAACTCAGGAGTCGCGCGCTNGG,FAM86B2-DT,intergenic | 44bp from FAM86B2-DT,NA12878,12436973.0,12436975.0,gtccgggcTGGGCTGCGCTCAGGAGGCGGGCCCTGGGAGGCGGAGCTTAGGGAGGGGCCGGT,1,0.08
chr20:35770523-,8.0,0.0,GACCTCATGATCCGCGCGCCTCG,0.0,0.0,GACCTCATGATCCGCGCGCCTCG,6.0,0.0,0.0,GAACTCAGGAGTCGCGCGCTNGG,GAACTCAGGAGTCGCGCGCTNGG,PHF20,intergenic | 1480bp from PHF20,NA12878,35770528.0,35770530.0,ttgtaatcgcagtattttaggaggccgaggcgcgcggatcatgaggtcaggagttcaagacc,1,0.07200000000000001
chr1:235128911-,7.0,0.0,AGGCGCAGGAGCCGCGCTCTGGG,0.0,0.0,AGGCGCAGGAGCCGCGCTCTGGG,6.0,0.0,0.0,GAACTCAGGAGTCGCGCGCTNGG,GAACTCAGGAGTCGCGCGCTNGG,TOMM20,intergenic | 85bp from TOMM20,NA12878,235128916.0,235128918.0,GTCCGCGGCAGAGCCTGAGCAGAGGCCCAGAGCGCGGCTCCTGCGCCTGCGCAGTGGGCGAA,1,0.063
chr9:89662545+,6.0,0.0,ACCCTCAGGGGCCGAGCGCTCGG,0.0,0.0,ACCCTCAGGGGCCGAGCGCTCGG,6.0,0.0,0.0,GAACTCAGGAGTCGCGCGCTNGG,GAACTCAGGAGTCGCGCGCTNGG,LINC03062,non-coding RNA,NA12878,89662561.0,89662563.0,GCCATCTGGAAGCCACCCTCAGGGGCCGAGCGCTCGGGGGCGTGTACGCCAGCCTTGGGGGT,1,0.054
chr14:34241175+,6.0,0.0,GATAGGAGGAGTCCCGCGCTTGA,0.0,0.0,GATAGGAGGAGTCCCGCGCTTGA,6.0,0.0,0.0,GAACTCAGGAGTCGCGCGCTNGG,GAACTCAGGAGTCGCGCGCTNGG,EGLN3-AS1,intergenic | 178824bp from EGLN3-AS1,NA12878,34241191.0,34241193.0,ACTAAGTATCTAATGATAGGAGGAGTCCCGCGCTTGAGCTGCTACTAAAATCCATAACCTTC,1,0.054
chrX:55124227-,6.0,0.0,GATCTCAGGAGTTGGGTGAGTGG,0.0,0.0,GATCTCAGGAGTTGGGTGAGTGG,6.0,0.0,0.0,GAACTCAGGAGTCGCGCGCTNGG,GAACTCAGGAGTCGCGCGCTNGG,VCF2,intergenic | 18863bp from VCF2,NA12878,55124247.0,55124252.0,atgcttcagcccactcacccaactcctgagatcttatcaggaagctgctgatcaccagttccaag,1,0.054
chr9:34521342-,0.0,0.0,GAACTCAAGAGTCCGCCTGCTTGG,162.0,0.0,GAACTCAAGAGTCCGCCTGCTTGG,3.0,0.0,1.0,GAACTCAGGAGTCGCGCGCTNGG,GAACTCAGGAGTC-GCGCGCTNGG,ENHO,3utr,NA12878,34521347.0,34521349.0,AGACTCTGGGCCGCTGGGTCCAGCTCCAAGCAGGCGGACTCTTGAGTTCTGGACCCCAGGCT,1,1.4489999999999998
chr19:33220379+,0.0,0.0,AAACGCAACAGTCGAGCCCTAGG,105.0,0.0,AAACGCAACAGTCGAGCCCTAGG,6.0,0.0,0.0,GAACTCAGGAGTCGCGCGCTNGG,GAACTCAGGAGTCGCGCGCTNGG,SLC7A10,intron,NA12878,33220395.0,33220397.0,agttccacgttgccaaacgcaacagtcgagccctaggccacgttattgacgcatcagcaaca,1,0.9390000000000001
chr11:74542439-,0.0,0.0,GAACTCATCCATCCCGCTCTCGG,97.0,0.0,GAACTCATCCATCCCGCTCTCGG,6.0,0.0,0.0,GAACTCAGGAGTCGCGCGCTNGG,GAACTCAGGAGTCGCGCGCTNGG,LIPT2-AS1,intergenic | 43917bp from LIPT2-AS1,NA12878,74542432.0,74542434.0,atggggacgggctacagtcgttgtgtggacaacttacccgagagcgggatggatgagttcat,1,0.8670000000000001
chr1:4654981+,0.0,0.0,GGAGGCAAGAGCCGCGCGCCGGG,97.0,0.0,GGAGGCAAGAGCCGCGCGCCGGG,6.0,0.0,0.0,GAACTCAGGAGTCGCGCGCTNGG,GAACTCAGGAGTCGCGCGCTNGG,AJAP1,5utr,NA12878,4654997.0,4654999.0,GCGGAGCTCCGGCTGGAGGCAAGAGCCGCGCGCCGGGAGACACGCACCGTGAGCGGCAGCGC,1,0.8670000000000001
chr7:157929390-,0.0,0.0,GCCCTCAGGAGTCGCGCCAGGGT,83.0,0.0,GCCCTCAGGAGTCGCGC-CAGGG,3.0,1.0,0.0,GAACTCAGGAGTCGCGCGCTNGG,GAACTCAGGAGTCGCGCGCTNGG,PTPRN2,intron,NA12878,157929396.0,157929398.0,TGTGGGTTCCTGCAGCACCGGGAGACCCTGGCGCGACTCCTGAGGGCTTCAGTCCTCGGTTT,1,0.742
chr12:106586056-,0.0,0.0,GGGCCCAGGAGGCGCGCGCCGGC,79.0,0.0,GGGCCCAGGAGGCGCGCGCCGGC,6.0,0.0,0.0,GAACTCAGGAGTCGCGCGCTNGG,GAACTCAGGAGTCGCGCGCTNGG,RFX4,intron,NA12878,106586062.0,106586064.0,GGCCCGGTCGGGGGAAGCTGGGCAGCCGGCGCGCGCCTCCTGGGCCCTAGGCGCTCTCGCTG,1,0.7060000000000001
chr3:14552145+,0.0,0.0,AGGCTCAGGAGTGGCGCACTGGA,70.0,0.0,AGGCTCAGGAGTGGCGCACTGGA,6.0,0.0,0.0,GAACTCAGGAGTCGCGCGCTNGG,GAACTCAGGAGTCGCGCGCTNGG,GRIP2,intergenic | 11814bp from GRIP2,NA12878,14552161.0,14552163.0,ATGGAGGAGGGCAGAGGCTCAGGAGTGGCGCACTGGAGAGAGAGGGCTCATTTCCACTCTGG,1,0.626
chr2:239580178-,0.0,0.0,AAACTTGGGAGTTGCGCTCTGGG,66.0,0.0,AAACTTGGGAGTTGCGCTCTGGG,5.0,0.0,0.0,GAACTCAGGAGTCGCGCGCTNGG,GAACTCAGGAGTCGCGCGCTNGG,LINC02991,non-coding RNA,NA12878,239580183.0,239580185.0,CTTTGTCTCCCAGTTCTGGGTAATGCCCAGAGCGCAACTCCCAAGTTTGTTCTGGACTTGTT,1,0.59
chr10:67283350+,0.0,0.0,GATCTCAGGAGTTGGGTGAGTGG,66.0,0.0,GATCTCAGGAGTTGGGTGAGTGG,6.0,0.0,0.0,GAACTCAGGAGTCGCGCGCTNGG,GAACTCAGGAGTCGCGCGCTNGG,CTNNA3,intron,NA12878,67283354.0,67283356.0,actggtaatcagcagcttcccaataagatctcaggagttgggtgagtgggctcaagcacgca,1,0.59
chr5:2111987-,0.0,0.0,GCAGGAAGGAGGCGCGCGCCTGG,61.0,0.0,GCAGGAAGGAGGCGCGCGCCTGG,6.0,0.0,0.0,GAACTCAGGAGTCGCGCGCTNGG,GAACTCAGGAGTCGCGCGCTNGG,LOC105374618,non-coding RNA,NA12878,2111992.0,2111994.0,AGTGCGGACTGGCTGAGGCCGGGGCCCAGGCGCGCGCCTCCTTCCTGCAGGCGGCCCGGGGC,1,0.5459999999999999
chr19:8904513-,0.0,0.0,GAATTCAGGAGTCACTGGCTTGA,61.0,0.0,GAATTCAGGAGTCACTGGCTTGA,5.0,0.0,0.0,GAACTCAGGAGTCGCGCGCTNGG,GAACTCAGGAGTCGCGCGCTNGG,MUC16,intron,NA12878,8904539.0,8904542.0,GTTCTCAAGCCAGTGACTCCTGAATTCCCTTTTTGGTGATGATATCCCTAGGAAGTGCAGCAA,1,0.5459999999999999
chr22:19911844-,0.0,0.0,GAACCCAGGTGTTGCTCCCTGGG,57.0,0.0,GAACCCAGGTGTTGCTCCCTGGG,5.0,0.0,0.0,GAACTCAGGAGTCGCGCGCTNGG,GAACTCAGGAGTCGCGCGCTNGG,TXNRD2,intron,NA12878,19911837.0,19911839.0,TCTGGACAGACACATCAAACAGACAGGGGCATGCAGCCCCAGGGAGCAACACCTGGGTTCTG,1,0.51
chr5:2751026-,0.0,0.0,CGACTCAGGAGTCGCCGGCTCGG,57.0,0.0,GA-CTCAGGAGTCGCCGGCTCGG,2.0,1.0,0.0,GAACTCAGGAGTCGCGCGCTNGG,GAACTCAGGAGTCGCGCGCTNGG,IRX2,intron,NA12878,2751031.0,2751033.0,CCGGCTCAGCCTGCGGGGCGGCCAACCGAGCCGGCGACTCCTGAGTCGCCAGCCGCGCCACA,1,0.51
chr4:101416497-,0.0,0.0,GAACTCAGGACTCGCTGAATGGT,48.0,0.0,GAACTCAGGACTCGCTGAATGGT,6.0,0.0,0.0,GAACTCAGGAGTCGCGCGCTNGG,GAACTCAGGAGTCGCGCGCTNGG,FLJ20021,intergenic | 67625bp from FLJ20021,NA12878,101416520.0,101416522.0,catccccaccattcagcgagtcctgagttcttgtcctgcgtccaggaataatgaggtatgtg,1,0.42900000000000005
chr6:161800018+,0.0,0.0,ATACTCAGGAATTCAGCGCTTGG,48.0,0.0,ATACTCAGGAATTCAGCGCTTGG,6.0,0.0,0.0,GAACTCAGGAGTCGCGCGCTNGG,GAACTCAGGAGTCGCGCGCTNGG,PRKN,intron,NA12878,161800034.0,161800036.0,ggggcctttaagacatactcaggaattcagcgcttggacaatggcaagtcaggacaaaattt,1,0.42900000000000005
chr7:151854739-,0.0,0.0,AATCACAGGAGGCGCGCCCTAAG,48.0,0.0,AATCACAGGAGGCGCGCCCTAAG,6.0,0.0,0.0,GAACTCAGGAGTCGCGCGCTNGG,GAACTCAGGAGTCGCGCGCTNGG,PRKAG2,intron,NA12878,151854744.0,151854746.0,GGCCACAGAATCAGGGTGCCTGGTCCTTAGGGCGCGCCTCCTGTGATTCTCACACAACGGCC,1,0.42900000000000005
chrX:99760035+,0.0,0.0,GAAGTCAGGAGTTGAGGTTTGGG,48.0,0.0,GAAGTCAGGAGTTGAGGTTTGGG,6.0,0.0,0.0,GAACTCAGGAGTCGCGCGCTNGG,GAACTCAGGAGTCGCGCGCTNGG,PCDH19,intergenic | 531597bp from PCDH19,NA12878,99760051.0,99760053.0,cctgtgggtgcaccgaagtcaggagttgaggtttgggaacttccgcatagatttcagaggat,1,0.42900000000000005
chr14:64914387+,0.0,0.0,ATACCCAGGAGTCGAGTACTTGG,44.0,0.0,ATACCCAGGAGTCGAGTACTTGG,6.0,0.0,0.0,GAACTCAGGAGTCGCGCGCTNGG,GAACTCAGGAGTCGCGCGCTNGG,CHURC1-FNTB,5utr,NA12878,64914403.0,64914405.0,GTTCCCGAGACGGAATACCCAGGAGTCGAGTACTTGGGCGCATGCGGCAACCGTATCTCAGT,1,0.393
chr4:133149265+,0.0,0.0,AAACGGAGAAGCCGAGCGCTCGG,44.0,0.0,AAACGGAGAAGCCGAGCGCTCGG,6.0,0.0,0.0,GAACTCAGGAGTCGCGCGCTNGG,GAACTCAGGAGTCGCGCGCTNGG,PCDH10,intergenic | 17bp from PCDH10,NA12878,133149281.0,133149283.0,AGGGCGCTGCGCAAAAACGGAGAAGCCGAGCGCTCGGAGCTCAGAAACTGCCAGCCCAGACC,1,0.393
chr10:8416670+,0.0,0.0,GAACTTTGGAGTAGAGTTCTAGG,44.0,0.0,GAACTTTGGAGTAGAGTTCTAGG,6.0,0.0,0.0,GAACTCAGGAGTCGCGCGCTNGG,GAACTCAGGAGTCGCGCGCTNGG,LINC00708,intergenic | 148376bp from LINC00708,NA12878,8416686.0,8416688.0,GGTGTTTGGGTTTAGAACTTTGGAGTAGAGTTCTAGGCTTGATTCTGACCACAGTTTGTCAT,1,0.393
chr16:981878-,0.0,0.0,GCGCACAGGAGACGCGCACCGGG,44.0,0.0,GCGCACAGGAGACGCGCACCGGG,6.0,0.0,0.0,GAACTCAGGAGTCGCGCGCTNGG,GAACTCAGGAGTCGCGCGCTNGG,SOX8,5utr,NA12878,981883.0,981885.0,CCGCAGGGCAGCCCCGGGCGCCGGCCCCGGTGCGCGTCTCCTGTGCGCGCCCCTCCGCGCGC,1,0.393
chr11:69471559+,0.0,0.0,CTTCTCAGGAGCCGCTGGCTCGG,40.0,0.0,CTTCTCAGGAGCCGCTGGCTCGG,6.0,0.0,0.0,GAACTCAGGAGTCGCGCGCTNGG,GAACTCAGGAGTCGCGCGCTNGG,LINC02747,intergenic | 4033bp from LINC02747,NA12878,69471575.0,69471577.0,ATGCGCCTTCAATGCTTCTCAGGAGCCGCTGGCTCGGCCGGGATAAAGCAGCCCCCACGCTT,1,0.358
chr16:85303681+,0.0,0.0,GCGGGCAGGAGCCGGGCGCTGGG,40.0,0.0,GCGGGCAGGAGCCGGGCGCTGGG,6.0,0.0,0.0,GAACTCAGGAGTCGCGCGCTNGG,GAACTCAGGAGTCGCGCGCTNGG,MIR5093,intergenic | 2533bp from MIR5093,NA12878,85303697.0,85303699.0,ggaaacacggcggtgcgggcaggagccgggcgctGGGGCCACAGGCACCGGCCGCCGCCTCC,1,0.358
chr3:32467815+,0.0,0.0,GAACCCAGGGGCAGCGCGCTGGG,40.0,0.0,GAACCCAGGGGCAGCGCGCTGGG,4.0,0.0,0.0,GAACTCAGGAGTCGCGCGCTNGG,GAACTCAGGAGTCGCGCGCTNGG,CMTM7,intergenic | 12298bp from CMTM7,NA12878,32467831.0,32467833.0,AGATGCTTCCTAGCGAACCCAGGGGCAGCGCGCTGGGCGGAGGCCCTCCCTGGGGAGCCCCC,1,0.358
chr9:82054617-,0.0,0.0,GGGCTCAGCAGCCCCGCACTCGG,40.0,0.0,GGGCTCAGCAGCCCCGCACTCGG,6.0,0.0,0.0,GAACTCAGGAGTCGCGCGCTNGG,GAACTCAGGAGTCGCGCGCTNGG,SPATA31D1,intergenic | 59375bp from SPATA31D1,NA12878,82054622.0,82054624.0,gggttggtggtgccagctggctgctccgagtgcggggctgctgagcccacgccacccggaac,1,0.358
chr12:64932261-,0.0,0.0,GAACACAGGAGCTGGGCACTGGC,40.0,0.0,GAACACAGGAGCTGGGCACTGGC,6.0,0.0,0.0,GAACTCAGGAGTCGCGCGCTNGG,GAACTCAGGAGTCGCGCGCTNGG,LINC02231,non-coding RNA,NA12878,64932266.0,64932267.0,acgctccttcctgcctgcccacaaggccagtgcccagctcctgtgttcacttgtgtctgca,1,0.358
chr20:60761509-,0.0,0.0,TAACTCAGTACTTGGGTGCTGGG,40.0,0.0,TAACTCAGTACTTGGGTGCTGGG,6.0,0.0,0.0,GAACTCAGGAGTCGCGCGCTNGG,GAACTCAGGAGTCGCGCGCTNGG,MIR548AG2,intergenic | 196895bp from MIR548AG2,NA12878,60761525.0,60761527.0,GTGATCCATCTCTGCCCAGCACCCAAGTACTGAGTTAACCTACAACGTGGTTCAGAATTAAA,1,0.358
chr11:1414989+,0.0,0.0,GCTCTCAGGAGTGGCGCGCTGTG,40.0,0.0,GCTCTCAGGAGTGGCGCGCTGTG,4.0,0.0,0.0,GAACTCAGGAGTCGCGCGCTNGG,GAACTCAGGAGTCGCGCGCTNGG,BRSK2,intron,NA12878,1415006.0,1415008.0,cttccaccttgtggctctcaggagtggcgcgctgtggacgtgtgtgtgagtacccacgtggg,1,0.358
chr1:207010103-,0.0,0.0,GAAGACAGGCATTGCGCCCTTGG,35.0,0.0,GAAGACAGGCATTGCGCCCTTGG,6.0,0.0,0.0,GAACTCAGGAGTCGCGCGCTNGG,GAACTCAGGAGTCGCGCGCTNGG,C1orf116,intergenic | 8407bp from C1orf116,NA12878,207010108.0,207010110.0,CTCACCTCTGGCACTGGAATGCTTTCCAAGGGCGCAATGCCTGTCTTCTCCATTTGACTGAG,1,0.313
chr9:79161090-,0.0,0.0,GCTGCCAGGAGTCCCGCCCTCGG,35.0,0.0,GCTGCCAGGAGTCCCGCCCTCGG,6.0,0.0,0.0,GAACTCAGGAGTCGCGCGCTNGG,GAACTCAGGAGTCGCGCGCTNGG,LOC101927450,intergenic | 15435bp from LOC101927450,NA12878,79161095.0,79161098.0,AAGCCAGAAATAATAGAAATTGGGGCCGAGGGCGGGACTCCTGGCAGCATTTGAACTTGATTC,1,0.313
chr1:1535356+,0.0,0.0,GCTCACAGGTGCCGCGGGCTGGG,35.0,0.0,GCTCACAGGTGCCGCGGGCTGGG,6.0,0.0,0.0,GAACTCAGGAGTCGCGCGCTNGG,GAACTCAGGAGTCGCGCGCTNGG,TMEM240,exon,NA12878,1535372.0,1535374.0,TAAGTCCCCGTGCGGCTCACAGGTGCCGCGGGCTGGGGTGGCCATTGTGGTAGAGTTTCTGC,1,0.313
chr19:890040-,0.0,0.0,TCAGTCTGGAGTCCGGCGCTGGG,35.0,0.0,TCAGTCTGGAGTCCGGCGCTGGG,6.0,0.0,0.0,GAACTCAGGAGTCGCGCGCTNGG,GAACTCAGGAGTCGCGCGCTNGG,MED16,intron,NA12878,890045.0,890047.0,AAAGCTGCAGACCAGGGGCTCTAGACCCAGCGCCGGACTCCAGACTGACCGGAGAAACACAG,1,0.313
chr7:100102596-,0.0,0.0,GAACCCAGGAGACCTGAGCTCGG,31.0,0.0,GAACCCAGGAGACCTGAGCTCGG,5.0,0.0,0.0,GAACTCAGGAGTCGCGCGCTNGG,GAACTCAGGAGTCGCGCGCTNGG,AP4M1,intron,NA12878,100102601.0,100102603.0,tgtgactagtaagaggcatcgggatccgagctcaggtctcctgggttctgatcactccacct,1,0.27699999999999997
chr2:226418511+,0.0,0.0,AAAGGCAGGAGTCCTGCCCTGGG,31.0,0.0,AAAGGCAGGAGTCCTGCCCTGGG,6.0,0.0,0.0,GAACTCAGGAGTCGCGCGCTNGG,GAACTCAGGAGTCGCGCGCTNGG,LOC646736,intergenic | 238460bp from LOC646736,NA12878,226418526.0,226418529.0,atggaggttccagacaaaggcaggagtcctgccctgggcaggacacagggggatgacaccaga,1,0.27699999999999997
chr20:63157864+,0.0,0.0,GAACCCAGGAGGCGGCGCTTGC,31.0,0.0,GAACCCAGGAGGCG-GCGCTTGC,3.0,1.0,0.0,GAACTCAGGAGTCGCGCGCTNGG,GAACTCAGGAGTCGCGCGCTNGG,MIR124-3,intergenic | 20624bp from MIR124-3,NA12878,63157882.0,63157884.0,ggagaatcgtttgaacccaggaggcggcgcttgcagtaagccgagatcatgccattgcactc,1,0.27699999999999997
chr10:82813934-,0.0,0.0,GGACTGAGGAGTCACGCGCCAGG,31.0,0.0,GGACTGAGGAGTCACGCGCCAGG,4.0,0.0,0.0,GAACTCAGGAGTCGCGCGCTNGG,GAACTCAGGAGTCGCGCGCTNGG,NRG3,intron,NA12878,82813939.0,82813941.0,GAGGACTATGGGAAACAGCAGCTGGCCTGGCGCGTGACTCCTCAGTCCCAGATTCATAGAGC,1,0.27699999999999997
chr6:152362562+,0.0,0.0,CAACTCAAGAGTCAGCGGCTGGG,26.0,0.0,CAACTCAAGAGTCAGCGGCTGGG,6.0,0.0,0.0,GAACTCAGGAGTCGCGCGCTNGG,GAACTCAGGAGTCGCGCGCTNGG,SYNE1,intron,NA12878,152362578.0,152362580.0,ATGGAACTAGCTATCAACTCAAGAGTCAGCGGCTGGGGGGACACGAGACACTGGGGGAGCCT,1,0.233
chr9:136474982-,0.0,0.0,GCAGTCAGCAGTTGGGCTCTCGG,26.0,0.0,GCAGTCAGCAGTTGGGCTCTCGG,6.0,0.0,0.0,GAACTCAGGAGTCGCGCGCTNGG,GAACTCAGGAGTCGCGCGCTNGG,SEC16A,exon,NA12878,136474986.0,136474989.0,AAGAAGTGTTCTCCCCAGAATCACCACCGAGAGCCCAACTGCTGACTGCAGGTCTATCCCCCA,1,0.233
chr6:138160702-,0.0,0.0,GAACTCAGGATAGAGCTCTGGG,26.0,0.0,GAACTCAGGA-TAGAGCTCTGGG,3.0,1.0,0.0,GAACTCAGGAGTCGCGCGCTNGG,GAACTCAGGAGTCGCGCGCTNGG,ARFGEF3,intergenic | 1225bp from ARFGEF3,NA12878,138160707.0,138160709.0,ccacccttcaaatactggcatccctcccagagctctatcctgagttcctgtccataaaaaaa,1,0.233
chr14:61859088+,0.0,0.0,GACCTCATGATTCGCCCGCCTCG,26.0,0.0,GACCTCATGATTCGCCCGCCTCG,6.0,0.0,0.0,GAACTCAGGAGTCGCGCGCTNGG,GAACTCAGGAGTCGCGCGCTNGG,SYT16,intron,NA12878,61859104.0,61859106.0,ggtcttgatctcctgacctcatgattcgcccgcctcggcctcccaaagtgttgggattacag,1,0.233
chr3:27505923+,0.0,0.0,GAACTCAGGAGGCGGGAGTTGCA,26.0,0.0,GAACTCAGGAGGCGGGAGTTGCA,6.0,0.0,0.0,GAACTCAGGAGTCGCGCGCTNGG,GAACTCAGGAGTCGCGCGCTNGG,SLC4A7,intergenic | 21550bp from SLC4A7,NA12878,27505931.0,27505933.0,gtttgaggcaggagaatcgcttgaactcaggaggcgggagttgcagtgagccgagatggtgc,1,0.233
chrX:27072711+,0.0,0.0,GAACTCAGGAGCCACAAGTATGG,26.0,0.0,GAACTCAGGAGCCACAAGTATGG,6.0,0.0,0.0,GAACTCAGGAGTCGCGCGCTNGG,GAACTCAGGAGTCGCGCGCTNGG,LOC105373150,intergenic | 79911bp from LOC105373150,NA12878,27072738.0,27072740.0,caagaactcaggagccacaagtatgggtgcaaaagactgtcacactgaccctccactgagct,1,0.233
chr3:128486754-,0.0,0.0,GAACCCAGGCGCCGCGCGCCAGG,26.0,0.0,GAACCCAGGCGCCGCGCGCCAGG,4.0,0.0,0.0,GAACTCAGGAGTCGCGCGCTNGG,GAACTCAGGAGTCGCGCGCTNGG,GATA2,intron,NA12878,128486759.0,128486761.0,AGACGGGCCCTCCTCCCCTCCCTCGCCTGGCGCGCGGCGCCTGGGTTCTCATCACCACGGGC,1,0.233
chr1:83811222-,0.0,0.0,GGATTCAGGAGTCACGCAGTGGG,26.0,0.0,GGATTCAGGAGTCACGCAGTGGG,5.0,0.0,0.0,GAACTCAGGAGTCGCGCGCTNGG,GAACTCAGGAGTCGCGCGCTNGG,LINC01725,non-coding RNA,NA12878,83811227.0,83811229.0,GTAAGGGAGGGACAGGAGCTCGTCTCCCACTGCGTGACTCCTGAATCCATCCACTCCTGGTG,1,0.233
chr1:18628689-,0.0,0.0,AACCTCAGGAGTCCTGCACTGGG,26.0,0.0,GAACCTCAGGAGTCCTGCACTGGG,3.0,0.0,1.0,GAACTCAGGAGTCGCGCGCTNGG,GAAC-TCAGGAGTCGCGCGCTNGG,PAX7,intergenic | 2145bp from PAX7,NA12878,18628694.0,18628697.0,GGGACCACACTGTGGGCAAGGTGGCCCCAGTGCAGGACTCCTGAGGTTCTGAGGGTCCCTGGC,1,0.233
chr15:36888427-,0.0,0.0,CAACTCAGGGCGTCGCGCGCCGGG,26.0,0.0,CAACTCAGGGCGTCGCGCGCCGGG,3.0,0.0,1.0,GAACTCAGGAGTCGCGCGCTNGG,GAACTCAGGA-GTCGCGCGCTNGG,MEIS2,intergenic | 764bp from MEIS2,NA12878,36888432.0,36888434.0,CCCGGCCCCGACGGAGGGGGCCCGCCCCGGCGCGCGACGCCCTGAGTTGATGACTGCAACTG,1,0.233
chr15:67033989+,0.0,0.0,AGACTCTGGGGTCTCGCTCTTGG,26.0,0.0,AGACTCTGGGGTCTCGCTCTTGG,6.0,0.0,0.0,GAACTCAGGAGTCGCGCGCTNGG,GAACTCAGGAGTCGCGCGCTNGG,SMAD3-DT,non-coding RNA,NA12878,67034005.0,67034007.0,CCCAGCAGACTCCAAGACTCTGGGGTCTCGCTCTTGGCTGCAGCGTCAAGACTGGCTGCACA,1,0.233
chr14:70582216-,0.0,0.0,GAAATCAAGATCTGCGTGCTGGG,22.0,0.0,GAAATCAAGATCTGCGTGCTGGG,6.0,0.0,0.0,GAACTCAGGAGTCGCGCGCTNGG,GAACTCAGGAGTCGCGCGCTNGG,MED6,intergenic | 993bp from MED6,NA12878,70582221.0,70582223.0,tgacaccccagtagcaatgaacatacccagcacgcagatcttgatttccaaatgctattctc,1,0.197
chr1:2193730+,0.0,0.0,GGGATCAGGTGCCGGGCGCTGGG,22.0,0.0,GGGATCAGGTGCCGGGCGCTGGG,6.0,0.0,0.0,GAACTCAGGAGTCGCGCGCTNGG,GAACTCAGGAGTCGCGCGCTNGG,FAAP20,exon,NA12878,2193746.0,2193748.0,CTGGGGGCCCTGCAGGGATCAGGTGCCGGGCGCTGGGGCAGGGACCTGGCGGGGGATTCCAG,1,0.197
chr9:27573538-,0.0,0.0,GAACTCAGGAGTCGCGCGCTAGG,22.0,6.0,GAACTCAGGAGTCGCGCGCTAGG,0.0,0.0,0.0,GAACTCAGGAGTCGCGCGCTNGG,GAACTCAGGAGTCGCGCGCTNGG,C9orf72,intron,NA12878,27573542.0,27573548.0,gccccgaccaCgccccggccccggccccTAGCGCGCGACTCCTGAGTTCCAGAGCTTGCTACAGGC,1,0.197
chr12:111310745+,0.0,0.0,GGGCTGAGGACACGCGCTCTGGG,22.0,0.0,GGGCTGAGGACACGCGCTCTGGG,6.0,0.0,0.0,GAACTCAGGAGTCGCGCGCTNGG,GAACTCAGGAGTCGCGCGCTNGG,CUX2,intron,NA12878,111310761.0,111310763.0,ggcatcagggctgggggctgaggacacgcgctctgggttcaaagcccagctctaccaccacc,1,0.197
chr18:70251149-,0.0,0.0,GATCTCAGGAGTTGGGAGAGTGG,22.0,0.0,GATCTCAGGAGTTGGGAGAGTGG,6.0,0.0,0.0,GAACTCAGGAGTCGCGCGCTNGG,GAACTCAGGAGTCGCGCGCTNGG,SOCS6,intergenic | 37884bp from SOCS6,NA12878,70251172.0,70251174.0,cttgagcccactctcccaactcctgagatcttattgggaagcggctgatcaggatttttcta,1,0.197
chr15:90971492-,0.0,0.0,GAACTCAGGAGTTGGGAGACTAG,18.0,0.0,GAACTCAGGAGTTGGGAGACTAGG,3.0,0.0,1.0,GAACTCAGGAGTCGCGCGCTNGG,GAACTCAGGAGTCGCGCG-CTNGG,PRC1,intron,NA12878,90971505.0,90971507.0,gggcttcaacatgtttcctagtctcccaactcctgagttcaagcaatccccctaccttggct,1,0.161
chr12:47193381-,0.0,0.0,GAATTCAGGAATTGTGAGCAGGG,18.0,0.0,GAATTCAGGAATTGTGAGCAGGG,6.0,0.0,0.0,GAACTCAGGAGTCGCGCGCTNGG,GAACTCAGGAGTCGCGCGCTNGG,PCED1B,intron,NA12878,47193386.0,47193388.0,CAGGGAACCATTCTTTATAATAATTCCCTGCTCACAATTCCTGAATTCCTGCCCCCTTCCCC,1,0.161
chr20:63308271-,0.0,0.0,GAACAGAGGAGCCACGCGCTGGA,18.0,0.0,GAACAGAGGAGCCACGCGCTGGA,5.0,0.0,0.0,GAACTCAGGAGTCGCGCGCTNGG,GAACTCAGGAGTCGCGCGCTNGG,COL20A1,intron,NA12878,63308276.0,63308278.0,CCTTTGATGAAAACGAGGGCCTGTGTCCAGCGCGTGGCTCCTCTGTTCCACATTAGCAGCTC,1,0.161
chr1:15726734+,0.0,0.0,GAATTCAGTAGACCCACTCTGGG,18.0,0.0,GAATTCAGTAGACCCACTCTGGG,6.0,0.0,0.0,GAACTCAGGAGTCGCGCGCTNGG,GAACTCAGGAGTCGCGCGCTNGG,PLEKHM2,intron,NA12878,15726751.0,15726752.0,GTTCCATTAGGAGGAATTCAGTAGACCCACTCTGGGGTTCCTCTGGCTGCAGCCATCTGTG,1,0.161
chr19:17130538+,0.0,0.0,GAACCCAGGAGGCGGAGCTTGG,18.0,0.0,GAACCCAGGAGGCG-GAGCTTGG,3.0,1.0,0.0,GAACTCAGGAGTCGCGCGCTNGG,GAACTCAGGAGTCGCGCGCTNGG,MYO9B,intron,NA12878,17130553.0,17130555.0,gcaggagaatggcgtgaacccaggaggcggagcttggagtgagccgagatcgtgccactgca,1,0.161
chr1:30818648-,0.0,0.0,TAACTCAAGTATCACGCTCTTGG,18.0,0.0,TAACTCAAGTATCACGCTCTTGG,6.0,0.0,0.0,GAACTCAGGAGTCGCGCGCTNGG,GAACTCAGGAGTCGCGCGCTNGG,LINC01778,intergenic | 5992bp from LINC01778,NA12878,30818652.0,30818655.0,ggagggggtgttgcaatcataagaagccaagagcgtgatacttgagttaagacctaagcggct,1,0.161
chr9:131487712+,0.0,0.0,GACCCTCTGAGTCGCGCTCTGGG,13.0,0.0,GACCCTCTGAGTCGCGCTCTGGG,6.0,0.0,0.0,GAACTCAGGAGTCGCGCGCTNGG,GAACTCAGGAGTCGCGCGCTNGG,PRRC2B,intron,NA12878,131487728.0,131487730.0,caggccccatcctggaccctctgagtcgcgctctgggggtggggccggggatctgtggttta,1,0.116
chr10:95545373-,0.0,0.0,GCACACAGGAGGCTGGCGATAGG,13.0,0.0,GCACACAGGAGGCTGGCGATAGG,6.0,0.0,0.0,GAACTCAGGAGTCGCGCGCTNGG,GAACTCAGGAGTCGCGCGCTNGG,SORBS1,intron,NA12878,95545378.0,95545380.0,CTGGCTTCTAGACTCTGCCCAGTCTCCTATCGCCAGCCTCCTGTGTGCACTGTCTACAAAGA,1,0.116
chr7:67707652-,0.0,0.0,GAACTCAGGAGGCGGAGGATGTG,13.0,0.0,GAACTCAGGAGGCGGAGGATGTG,6.0,0.0,0.0,GAACTCAGGAGTCGCGCGCTNGG,GAACTCAGGAGTCGCGCGCTNGG,LOC102723427,intergenic | 312589bp from LOC102723427,NA12878,67707655.0,67707657.0,gagtgcagtggcgtgatcttgactcaccacatcctccgcctcctgagttcaagcaattttcc,1,0.116
chr1:5599731+,0.0,0.0,GAGCTCAGGAGCTGAGGACTGGG,13.0,0.0,GAGCTCAGGAGCTGAGGACTGGG,6.0,0.0,0.0,GAACTCAGGAGTCGCGCGCTNGG,GAACTCAGGAGTCGCGCGCTNGG,MIR4689,intergenic | 262929bp from MIR4689,NA12878,5599747.0,5599749.0,TGTGGGCCGTGCAGGAGCTCAGGAGCTGAGGACTGGGGGGCATGTGCTGGAGGGTCAGGGTA,1,0.116
chr7:16616968+,0.0,0.0,GAACCCAGGAGTGGCAGGCTTCA,13.0,0.0,GAACCCAGGAGTGGCAGGCTTCA,6.0,0.0,0.0,GAACTCAGGAGTCGCGCGCTNGG,GAACTCAGGAGTCGCGCGCTNGG,ANKMY2,intron,NA12878,16616997.0,16616999.0,AGAACCCAGGAGTGGCAGGCTTCATCCTTGTGCCTCAGCTGGTTTGCTGACCAAACCAGCTT,1,0.116
chr11:117320862-,0.0,0.0,GAACTCCTGATTCACGCGCCTTG,13.0,0.0,GAACTCCTGATTCACGCGCCTTG,6.0,0.0,0.0,GAACTCAGGAGTCGCGCGCTNGG,GAACTCAGGAGTCGCGCGCTNGG,CEP164,intergenic | 904bp from CEP164,NA12878,117320867.0,117320869.0,ctggaatcccagcactttgggaggccaaggcgcgtgaatcaggagttcagggccaacctggc,1,0.116
chr11:130430300-,0.0,0.0,AAAATCAGGAGTTGTACTCTGGG,13.0,0.0,AAAATCAGGAGTTGTACTCTGGG,6.0,0.0,0.0,GAACTCAGGAGTCGCGCGCTNGG,GAACTCAGGAGTCGCGCGCTNGG,ADAMTS8,intergenic | 1702bp from ADAMTS8,NA12878,130430305.0,130430307.0,CCTTGAAGCCCCTTATTTGCTGTTTCCCAGAGTACAACTCCTGAttttctctttttgagaca,1,0.116
chr1:40767455-,0.0,0.0,GAACTCAGAAGCCTTGCTTTTGG,13.0,0.0,GAACTCAGAAGCCTTGCTTTTGG,6.0,0.0,0.0,GAACTCAGGAGTCGCGCGCTNGG,GAACTCAGGAGTCGCGCGCTNGG,NFYC,intron,NA12878,40767460.0,40767462.0,CATTTGGGAAAATACGAGGAATGAGCCAAAAGCAAGGCTTCTGAGTTCCATATAGTCTCTGG,1,0.116
chr16:87334593+,0.0,0.0,GAGCTCGGGAGCCGAGCCCTGGG,13.0,0.0,GAGCTCGGGAGCCGAGCCCTGGG,5.0,0.0,0.0,GAACTCAGGAGTCGCGCGCTNGG,GAACTCAGGAGTCGCGCGCTNGG,FBXO31,intron,NA12878,87334609.0,87334611.0,CTGCCTGAAAGGCAGAGCTCGGGAGCCGAGCCCTGGGAAGATGCGTCAGCCCCAAAACTCCG,1,0.116
chr6:159619355+,0.0,0.0,CGAATCAGAAGCCGCGCGCTTGT,13.0,0.0,GAA-TCAGAAGCCGCGCGCTTGT,3.0,1.0,0.0,GAACTCAGGAGTCGCGCGCTNGG,GAACTCAGGAGTCGCGCGCTNGG,SOD2,intergenic | 49702bp from SOD2,NA12878,159619371.0,159619373.0,GATGGAAAGCCCATCGAATCAGAAGCCGCGCGCTTGTGTCTGCAGCAGCACAAGAGGCAGGG,1,0.116
chr16:1057803+,0.0,0.0,GAGCTGGGGAGTCCGGCGCTGGG,13.0,0.0,GAGCTGGGGAGTCCGGCGCTGGG,5.0,0.0,0.0,GAACTCAGGAGTCGCGCGCTNGG,GAACTCAGGAGTCGCGCGCTNGG,SSTR5-AS1,intergenic | 6266bp from SSTR5-AS1,NA12878,1057819.0,1057821.0,AACCAGGTGTGGTGGAGCTGGGGAGTCCGGCGCTGGGCAGTGGGCGGCCTGTGCCTGGGGAC,1,0.116
chr2:102839800-,0.0,0.0,GACTTCAGAAGTCGCACGCTGAG,13.0,0.0,GACTTCAGAAGTCGCACGCTGAG,5.0,0.0,0.0,GAACTCAGGAGTCGCGCGCTNGG,GAACTCAGGAGTCGCGCGCTNGG,TMEM182,intergenic | 22132bp from TMEM182,NA12878,102839805.0,102839807.0,GAATTGCCAAGGTGGTGCTATCACTCTCAGCGTGCGACTTCTGAAGTCAGAAGCCCAGCAAT,1,0.116
chr2:127672383-,0.0,0.0,AAGCCCAGGAGTAGCCAGCTGGG,13.0,0.0,AAGCCCAGGAGTAGCCAGCTGGG,6.0,0.0,0.0,GAACTCAGGAGTCGCGCGCTNGG,GAACTCAGGAGTCGCGCGCTNGG,LIMS2,intron,NA12878,127672392.0,127672394.0,CTGGGCTGCCTTCACTCCCTGCCCAGCTGGCTACTCCTGGGCTTCAGCCCCTCCATGCCCAG,1,0.116
chr19:18571483-,0.0,0.0,GGACGCAGGAGTCGGGGCTGGG,13.0,0.0,GGACGCAGGAGTCGGG-GCTGGG,3.0,1.0,0.0,GAACTCAGGAGTCGCGCGCTNGG,GAACTCAGGAGTCGCGCGCTNGG,UBA52,intergenic | 229bp from UBA52,NA12878,18571488.0,18571490.0,ACCGATTCCAGGTGTTAGGTGCTTTCCCAGCCCCGACTCCTGCGTCCTGGACCCGCAGTCCT,1,0.116
